RESPONDENTID,Main_P6a_Thich_Total_OE_1,Main_P6a_Thich_Total_OE_2,Main_P6a_Thich_Total_OE_3,Main_P6a_Thich_Total_OE_4,Main_P6a_Thich_Total_OE_5,Main_P6a_Thich_Total_OE_6,Main_P6a_Thich_Total_OE_7,Main_P6a_Thich_Y1_OE_1,Main_P6a_Thich_Y1_OE_2,Main_P6a_Thich_Y1_OE_3,Main_P6a_Thich_Y1_OE_4,Main_P6a_Thich_Y1_OE_5,Main_P6a_Thich_Y1_OE_6,Main_P6a_Thich_Y1_OE_7,Main_P6a_Thich_Y2_OE_1,Main_P6a_Thich_Y2_OE_2,Main_P6a_Thich_Y2_OE_3,Main_P6a_Thich_Y2_OE_4,Main_P6a_Thich_Y2_OE_5,Main_P6a_Thich_Y2_OE_6,Main_P6a_Thich_Y2_OE_7,Main_P6b_Khong_Thich_Total_OE_1,Main_P6b_Khong_Thich_Total_OE_2,Main_P6b_Khong_Thich_Total_OE_3,Main_P6b_Khong_Thich_Y1_OE_1,Main_P6b_Khong_Thich_Y1_OE_2,Main_P6b_Khong_Thich_Y1_OE_3,Main_P6b_Khong_Thich_Y2_OE_1,Main_P6b_Khong_Thich_Y2_OE_2,Main_P6b_Khong_Thich_Y2_OE_3,Main_P10a_Thich_Nuoc_dung_OE_1,Main_P10a_Thich_Nuoc_dung_OE_2,Main_P10a_Thich_Nuoc_dung_OE_3,Main_P10a_Thich_Nuoc_dung_OE_4,Main_P10a_Thich_Nuoc_dung_OE_5,Main_P10a_Thich_Nuoc_dung_OE_6,Main_P10a_Thich_Nuoc_dung_OE_7,Main_P10b_Khong_Thich_Nuoc_dung_OE_1,Main_P10b_Khong_Thich_Nuoc_dung_OE_2,Main_P10b_Khong_Thich_Nuoc_dung_OE_3,Main_P10b_Khong_Thich_Nuoc_dung_OE_4,Main_P100a_Total_OE_1,Main_P100a_Total_OE_2,Main_P100a_Total_OE_3,Main_P100a_Total_OE_4,Main_P100a_Total_OE_5,Main_P100a_Total_OE_6,Main_P100a_Total_OE_7,Main_P100a_Y1_OE_1,Main_P100a_Y1_OE_2,Main_P100a_Y1_OE_3,Main_P100a_Y1_OE_4,Main_P100a_Y1_OE_5,Main_P100a_Y1_OE_6,Main_P100a_Y1_OE_7,Main_P100a_Y2_OE_1,Main_P100a_Y2_OE_2,Main_P100a_Y2_OE_3,Main_P100a_Y2_OE_4,Main_P100a_Y2_OE_5,Main_P100a_Y2_OE_6,Main_P100a_Y2_OE_7
2001_732,201,105,301,401,,,,201,105,,,,,,301,401,,,,,,902,,,902,,,99999,,,302,,,,,,,305,,,,705,607,,,,,,705,,,,,,,607,,,,,,
2001_927,201,105,301,402,,,,201,105,,,,,,301,402,,,,,,902,,,902,,,99999,,,203,,,,,,,205,201,,,99999,,,,,,,99999,,,,,,,99999,,,,,,
2002_732,201,901,105,301,,,,201,901,105,,,,,301,,,,,,,401,,,401,,,99999,,,302,304,303,206,,,,99999,,,,705,602,603,607,,,,705,602,603,607,,,,99999,,,,,,
2002_927,201,301,901,102,,,,201,,,,,,,301,901,102,,,,,401,,,401,,,99999,,,102,201,,,,,,302,306,,,99999,,,,,,,99999,,,,,,,99999,,,,,,
2003_732,201,301,103,,,,,201,,,,,,,301,103,,,,,,99999,,,99999,,,99999,,,302,304,303,351,,,,99999,,,,720,802,607,,,,,720,802,,,,,,607,,,,,,
2003_927,201,302,103,301,,,,201,302,103,,,,,301,,,,,,,99999,,,99999,,,99999,,,303,351,,,,,,99999,,,,99999,,,,,,,99999,,,,,,,99999,,,,,,
2004_732,301,201,,,,,,301,,,,,,,201,,,,,,,99999,,,99999,,,99999,,,303,207,,,,,,302,,,,99999,,,,,,,99999,,,,,,,99999,,,,,,
2004_927,105,201,,,,,,105,,,,,,,201,,,,,,,99999,,,99999,,,99999,,,302,303,205,,,,,99999,,,,712,705,,,,,,712,,,,,,,705,,,,,,
2005_732,103,201,301,901,,,,103,,,,,,,201,301,901,,,,,301,401,,301,,,401,,,202,206,,,,,,308,303,,,99999,,,,,,,99999,,,,,,,99999,,,,,,
2005_927,201,103,301,902,907,,,201,103,,,,,,301,902,907,,,,,401,,,401,,,99999,,,302,304,303,,,,,208,905,,,701,714,201,906,,,,701,714,,,,,,201,906,,,,,
2006_732,105,401,,,,,,105,401,,,,,,99999,,,,,,,202,,,202,,,99999,,,302,102,303,,,,,99999,,,,99999,,,,,,,99999,,,,,,,99999,,,,,,
2006_927,201,301,401,,,,,201,,,,,,,301,401,,,,,,102,,,102,,,99999,,,305,304,205,,,,,99999,,,,201,712,,,,,,201,,,,,,,712,,,,,,
2007_732,301,201,401,102,,,,301,,,,,,,201,401,102,,,,,99999,,,99999,,,99999,,,302,303,102,,,,,99999,,,,702,705,301,501,,,,702,705,,,,,,301,501,,,,,
2007_927,201,301,401,102,,,,201,,,,,,,301,401,102,,,,,99999,,,99999,,,99999,,,102,201,,,,,,99999,,,,99999,,,,,,,99999,,,,,,,99999,,,,,,
2008_732,103,301,,,,,,103,,,,,,,301,,,,,,,202,,,202,,,99999,,,901,,,,,,,302,303,,,99999,,,,,,,99999,,,,,,,99999,,,,,,
2008_927,201,902,301,402,103,,,201,902,,,,,,301,402,103,,,,,902,,,902,,,99999,,,303,304,901,,,,,302,,,,801,201,,,,,,801,,,,,,,201,,,,,,
2009_732,201,301,401,101,902,,,201,,,,,,,301,401,101,902,,,,99999,,,99999,,,99999,,,102,303,304,305,,,,99999,,,,99999,,,,,,,99999,,,,,,,99999,,,,,,
2009_927,201,901,301,401,102,,,201,901,,,,,,301,401,102,,,,,99999,,,99999,,,99999,,,201,205,304,,,,,99999,,,,714,605,,,,,,714,605,,,,,,99999,,,,,,
2010_732,201,301,401,103,,,,201,301,,,,,,401,103,,,,,,99999,,,99999,,,99999,,,302,303,305,901,,,,99999,,,,711,906,503,,,,,711,,,,,,,906,503,,,,,
2010_927,201,301,401,901,102,,,201,,,,,,,301,401,901,102,,,,99999,,,99999,,,99999,,,102,304,305,901,,,,99999,,,,99999,,,,,,,99999,,,,,,,99999,,,,,,
2011_732,201,301,,,,,,201,,,,,,,301,,,,,,,99999,,,99999,,,99999,,,302,305,,,,,,303,,,,99999,,,,,,,99999,,,,,,,99999,,,,,,
2011_927,301,201,,,,,,301,,,,,,,201,,,,,,,99999,,,99999,,,99999,,,302,305,,,,,,99999,,,,301,712,,,,,,301,,,,,,,712,,,,,,
2012_732,201,105,302,401,901,,,201,105,,,,,,302,401,901,,,,,99999,,,99999,,,99999,,,302,206,202,303,304,,,901,310,301,,99999,,,,,,,99999,,,,,,,99999,,,,,,
2012_927,201,901,302,401,105,,,201,901,,,,,,302,401,105,,,,,99999,,,99999,,,99999,,,302,304,205,204,303,907,,99999,,,,706,701,202,904,,,,706,701,,,,,,202,904,,,,,
2013_732,104,909,201,301,401,103,,104,909,,,,,,201,301,401,103,,,,99999,,,99999,,,99999,,,305,209,,,,,,99999,,,,99999,,,,,,,99999,,,,,,,99999,,,,,,
2013_927,902,201,301,401,103,,,902,,,,,,,201,301,401,103,,,,99999,,,99999,,,99999,,,302,304,305,205,309,,,99999,,,,707,712,905,,,,,707,712,,,,,,905,707,,,,,
2014_732,201,105,301,401,,,,201,105,,,,,,301,401,,,,,,99999,,,99999,,,99999,,,302,303,202,206,,,,99999,,,,602,603,711,,,,,602,603,711,,,,,99999,,,,,,
2014_927,201,103,301,401,,,,201,103,,,,,,301,401,,,,,,99999,,,99999,,,99999,,,201,205,304,,,,,306,,,,99999,,,,,,,99999,,,,,,,99999,,,,,,
2015_732,201,301,401,102,,,,201,301,,,,,,401,102,,,,,,99999,,,99999,,,99999,,,204,202,206,303,351,,,302,,,,99999,,,,,,,99999,,,,,,,99999,,,,,,
2015_927,201,910,401,902,301,102,,201,910,401,902,,,,301,102,,,,,,99999,,,99999,,,99999,,,205,201,301,307,,,,302,304,,,605,601,201,712,707,,,605,601,,,,,,201,712,707,,,,
2016_732,401,201,301,102,,,,401,,,,,,,201,301,102,,,,,99999,,,99999,,,99999,,,302,202,206,303,304,,,99999,,,,702,705,,,,,,702,,,,,,,705,,,,,,
2016_927,201,401,105,,,,,201,,,,,,,401,105,,,,,,99999,,,99999,,,99999,,,302,304,102,,,,,99999,,,,99999,,,,,,,99999,,,,,,,99999,,,,,,
2017_732,301,103,201,401,,,,301,103,,,,,,201,401,,,,,,99999,,,99999,,,99999,,,204,304,305,,,,,99999,,,,99999,,,,,,,99999,,,,,,,99999,,,,,,
2017_927,201,103,301,401,,,,201,103,,,,,,301,401,,,,,,99999,,,99999,,,99999,,,305,205,304,201,,,,99999,,,,201,605,709,,,,,201,,,,,,,605,709,,,,,
2018_732,907,201,301,401,901,104,,907,,,,,,,201,301,401,901,104,,,99999,,,99999,,,99999,,,302,303,202,206,,,,99999,,,,602,603,101,,,,,602,603,,,,,,101,,,,,,
2018_927,201,901,301,402,907,103,,201,901,,,,,,301,402,907,103,,,,99999,,,99999,,,99999,,,307,309,303,302,,,,99999,,,,99999,,,,,,,99999,,,,,,,99999,,,,,,
2019_732,201,910,301,401,907,105,,201,910,,,,,,301,401,907,105,,,,99999,,,99999,,,99999,,,302,303,207,,,,,99999,,,,203,602,603,711,,,,203,,,,,,,602,603,711,,,,
2019_927,401,301,102,,,,,401,,,,,,,301,401,102,,,,,201,,,201,,,99999,,,102,205,,,,,,99999,,,,99999,,,,,,,99999,,,,,,,99999,,,,,,
2020_732,104,201,301,,,,,104,,,,,,,201,301,,,,,,99999,,,99999,,,99999,,,302,304,305,303,,,,99999,,,,101,702,705,,,,,101,,,,,,,702,705,,,,,
2020_927,201,301,,,,,,201,,,,,,,301,,,,,,,99999,,,99999,,,99999,,,305,303,,,,,,99999,,,,99999,,,,,,,99999,,,,,,,99999,,,,,,
2021_732,201,907,401,102,,,,201,907,,,,,,401,102,,,,,,99999,,,99999,,,99999,,,202,206,204,209,303,304,,301,,,,99999,,,,,,,99999,,,,,,,99999,,,,,,
2021_927,201,401,301,901,102,,,201,401,,,,,,301,901,102,,,,,99999,,,99999,,,99999,,,302,303,205,,,,,99999,,,,802,605,,,,,,802,605,,,,,,99999,,,,,,
2022_732,104,201,401,301,,,,104,201,401,,,,,301,,,,,,,99999,,,99999,,,99999,,,302,304,206,303,,,,99999,,,,702,705,602,,,,,702,705,,,,,,602,,,,,,
2022_927,201,101,301,401,901,,,201,101,,,,,,301,401,901,,,,,99999,,,99999,,,99999,,,101,201,,,,,,99999,,,,99999,,,,,,,99999,,,,,,,99999,,,,,,
2023_732,201,301,401,,,,,201,,,,,,,301,401,,,,,,99999,,,99999,,,99999,,,302,305,303,,,,,99999,,,,99999,,,,,,,99999,,,,,,,99999,,,,,,
2023_927,301,201,401,105,,,,301,,,,,,,201,401,105,,,,,99999,,,99999,,,99999,,,305,304,303,201,,,,99999,,,,706,201,605,,,,,706,,,,,,,201,605,,,,,
2024_732,301,201,401,104,,,,301,,,,,,,201,401,104,,,,,99999,,,99999,,,99999,,,302,304,,,,,,99999,,,,701,709,101,,,,,701,,,,,,,709,101,,,,,
2024_927,201,301,401,,,,,201,,,,,,,301,401,,,,,,101,,,101,,,99999,,,302,,,,,,,303,,,,99999,,,,,,,99999,,,,,,,99999,,,,,,
2025_732,201,401,103,,,,,201,,,,,,,401,103,,,,,,302,,,302,,,99999,,,302,905,102,304,305,,,303,,,,99999,,,,,,,99999,,,,,,,99999,,,,,,
2025_927,102,401,901,,,,,102,401,,,,,,901,,,,,,,302,201,,302,,,201,,,302,304,201,102,305,905,,99999,,,,102,601,903,720,802,,,102,601,,,,,,903,720,802,,,,
2026_732,301,105,401,,,,,301,105,,,,,,401,,,,,,,202,,,202,,,99999,,,202,206,303,,,,,302,901,,,99999,,,,,,,99999,,,,,,,99999,,,,,,
2026_927,201,103,301,401,,,,201,103,,,,,,301,401,,,,,,99999,,,99999,,,99999,,,302,304,303,204,,,,901,,,,201,802,712,,,,,201,802,712,,,,,99999,,,,,,
2027_732,201,401,,,,,,201,,,,,,,401,,,,,,,99999,,,99999,,,99999,,,207,,,,,,,301,,,,203,704,,,,,,203,,,,,,,704,,,,,,
2027_927,401,,,,,,,401,,,,,,,99999,,,,,,,201,,,201,,,99999,,,99999,,,,,,,306,309,,,99999,,,,,,,99999,,,,,,,99999,,,,,,
2028_732,201,301,103,,,,,201,301,,,,,,103,,,,,,,99999,,,99999,,,99999,,,302,305,304,207,,,,99999,,,,713,201,504,,,,,713,,,,,,,201,504,,,,,
2028_927,201,301,401,908,103,,,201,301,,,,,,401,908,103,,,,,99999,,,99999,,,99999,,,102,304,,,,,,99999,,,,99999,,,,,,,99999,,,,,,,99999,,,,,,
2029_732,301,202,,,,,,301,202,,,,,,301,,,,,,,99999,,,99999,,,99999,,,209,303,302,,,,,306,,,,702,705,203,,,,,702,705,,,,,,203,,,,,,
2029_927,102,901,401,,,,,102,901,,,,,,401,,,,,,,201,,,201,,,99999,,,102,201,,,,,,312,313,303,,99999,,,,,,,99999,,,,,,,99999,,,,,,
2030_732,201,907,301,401,105,,,201,907,,,,,,301,401,105,,,,,99999,,,99999,,,99999,,,303,302,202,206,204,,,99999,,,,710,602,603,203,906,,,710,602,603,,,,,203,906,,,,,
2030_927,201,402,403,301,105,,,201,402,403,,,,,301,105,,,,,,99999,,,99999,,,99999,,,302,307,309,,,,,99999,,,,99999,,,,,,,99999,,,,,,,99999,,,,,,
2031_732,201,103,301,402,,,,201,103,,,,,,301,402,,,,,,99999,,,99999,,,99999,,,302,303,209,,,,,901,,,,99999,,,,,,,99999,,,,,,,99999,,,,,,
2031_927,103,902,201,301,402,,,103,902,,,,,,201,301,402,,,,,905,,,905,,,99999,,,303,302,305,201,,,,204,,,,706,707,,,,,,706,707,,,,,,99999,,,,,,
2032_732,201,301,,,,,,201,,,,,,,301,,,,,,,99999,,,99999,,,99999,,,99999,,,,,,,302,304,206,207,99999,,,,,,,99999,,,,,,,99999,,,,,,
2032_927,201,301,102,,,,,201,,,,,,,301,102,,,,,,99999,,,99999,,,99999,,,302,303,,,,,,311,314,,,702,705,,,,,,702,,,,,,,705,,,,,,
2033_732,201,301,401,102,,,,201,,,,,,,301,401,102,,,,,202,,,202,,,99999,,,102,303,204,,,,,302,,,,604,703,709,711,,,,604,,,,,,,703,709,711,,,,
2033_927,201,401,102,301,,,,201,401,102,,,,,301,,,,,,,99999,,,99999,,,99999,,,102,,,,,,,204,311,,,99999,,,,,,,99999,,,,,,,99999,,,,,,
2034_732,201,902,301,401,104,,,201,902,301,,,,,401,104,,,,,,99999,,,99999,,,99999,,,302,303,204,,,,,99999,,,,503,101,721,905,710,,,503,101,,,,,,721,905,710,,,,
2034_927,201,302,401,102,,,,201,302,,,,,,401,102,,,,,,99999,,,99999,,,99999,,,302,303,901,102,,,,99999,,,,99999,,,,,,,99999,,,,,,,99999,,,,,,
2035_732,201,301,401,105,,,,201,,,,,,,301,401,105,,,,,99999,,,99999,,,99999,,,302,304,303,305,,,,99999,,,,702,705,,,,,,702,705,,,,,,99999,,,,,,
2035_927,201,301,401,104,,,,201,,,,,,,301,401,104,,,,,99999,,,99999,,,99999,,,302,304,305,,,,,99999,,,,99999,,,,,,,99999,,,,,,,99999,,,,,,
2036_732,201,902,301,402,901,105,,201,902,,,,,,301,402,901,105,,,,99999,,,99999,,,99999,,,302,303,202,204,206,102,,99999,,,,602,603,607,504,901,,,602,603,607,504,,,,901,,,,,,
2036_927,104,201,907,105,301,401,902,104,201,907,105,,,,301,401,902,,,,,902,,,902,,,99999,,,301,,,,,,,99999,,,,99999,,,,,,,99999,,,,,,,99999,,,,,,
2037_732,201,401,102,,,,,201,,,,,,,401,102,,,,,,99999,,,99999,,,99999,,,302,303,,,,,,203,,,,99999,,,,,,,99999,,,,,,,99999,,,,,,
2037_927,301,401,102,,,,,301,,,,,,,401,102,,,,,,907,,,907,,,99999,,,302,907,,,,,,99999,,,,706,,,,,,,706,,,,,,,99999,,,,,,
2038_732,202,301,401,902,103,,,202,,,,,,,301,401,902,103,,,,99999,,,99999,,,99999,,,302,303,209,305,304,,,99999,,,,711,201,602,603,703,,,711,,,,,,,201,602,603,703,,,
2038_927,201,301,401,103,,,,201,,,,,,,301,401,103,,,,,99999,,,99999,,,99999,,,305,205,201,304,,,,99999,,,,99999,,,,,,,99999,,,,,,,99999,,,,,,
2039_732,201,105,301,402,,,,201,105,,,,,,301,402,,,,,,99999,,,99999,,,99999,,,206,303,305,,,,,99999,,,,99999,,,,,,,99999,,,,,,,99999,,,,,,
2039_927,201,902,301,401,105,,,201,902,,,,,,301,401,105,,,,,99999,,,99999,,,99999,,,302,303,205,201,,,,99999,,,,706,704,904,,,,,706,704,,,,,,904,,,,,,
2040_732,201,103,301,401,,,,201,103,,,,,,301,401,,,,,,99999,,,99999,,,99999,,,302,303,,,,,,99999,,,,702,705,602,603,,,,702,705,,,,,,602,603,,,,,
2040_927,202,301,102,,,,,202,,,,,,,301,102,,,,,,99999,,,99999,,,99999,,,305,304,201,,,,,99999,,,,99999,,,,,,,99999,,,,,,,99999,,,,,,
2041_732,201,301,401,102,,,,201,301,,,,,,401,102,,,,,,99999,,,99999,,,99999,,,302,303,102,202,206,,,99999,,,,99999,,,,,,,99999,,,,,,,99999,,,,,,
2041_927,201,301,401,102,,,,201,,,,,,,301,401,102,,,,,99999,,,99999,,,99999,,,302,303,309,,,,,99999,,,,702,705,601,201,301,,,702,705,601,,,,,201,301,,,,,
2042_732,105,907,201,301,401,,,105,907,,,,,,201,301,401,,,,,99999,,,99999,,,99999,,,302,303,203,352,,,,906,,,,607,702,705,,,,,607,702,705,,,,,99999,,,,,,
2042_927,201,102,301,401,,,,201,102,,,,,,301,401,,,,,,99999,,,99999,,,99999,,,302,201,203,901,,,,906,,,,99999,,,,,,,99999,,,,,,,99999,,,,,,
2043_732,201,301,402,105,,,,201,,,,,,,301,402,105,,,,,99999,,,99999,,,99999,,,101,203,206,303,,,,301,,,,99999,,,,,,,99999,,,,,,,99999,,,,,,
2043_927,202,301,402,105,,,,202,,,,,,,301,402,105,,,,,99999,,,99999,,,99999,,,302,304,303,102,,,,99999,,,,803,202,,,,,,803,,,,,,,202,,,,,,
2044_732,201,103,301,401,,,,201,103,,,,,,301,401,,,,,,99999,,,99999,,,99999,,,303,302,202,206,,,,102,,,,711,201,402,602,603,,,711,,,,,,,201,402,602,603,,,
2044_927,201,103,301,,,,,201,103,,,,,,301,,,,,,,402,,,402,,,99999,,,305,205,304,,,,,99999,,,,99999,,,,,,,99999,,,,,,,99999,,,,,,
2045_732,201,901,302,401,,,,201,901,,,,,,302,401,,,,,,101,,,101,,,99999,,,102,304,305,303,,,,901,203,,,101,201,720,803,,,,101,,,,,,,201,720,803,,,,
2045_927,901,401,,,,,,901,,,,,,,401,,,,,,,201,101,,201,101,,99999,,,305,304,,,,,,311,302,101,,99999,,,,,,,99999,,,,,,,99999,,,,,,
2046_732,201,301,401,105,,,,201,,,,,,,301,401,105,,,,,99999,,,99999,,,99999,,,102,303,304,204,,,,99999,,,,702,709,602,604,301,504,101,702,709,602,604,301,,,504,101,,,,,
2046_927,901,201,,,,,,901,,,,,,,201,,,,,,,904,103,302,904,,,103,302,,102,203,,,,,,99999,,,,99999,,,,,,,99999,,,,,,,99999,,,,,,
2047_732,201,401,102,,,,,201,,,,,,,401,102,,,,,,99999,,,99999,,,99999,,,302,304,,,,,,303,,,,99999,,,,,,,99999,,,,,,,99999,,,,,,
2047_927,201,301,401,102,,,,201,,,,,,,301,401,102,,,,,99999,,,99999,,,99999,,,302,303,102,,,,,99999,,,,701,,,,,,,701,,,,,,,99999,,,,,,
2048_732,202,301,401,105,,,,202,,,,,,,301,401,105,,,,,99999,,,99999,,,99999,,,302,304,209,305,,,,99999,,,,705,604,608,,,,,705,,,,,,,604,608,,,,,
2048_927,201,301,401,105,,,,201,,,,,,,301,401,105,,,,,99999,,,99999,,,99999,,,302,201,,,,,,99999,,,,99999,,,,,,,99999,,,,,,,99999,,,,,,
2049_732,301,201,401,105,,,,301,,,,,,,201,401,105,,,,,99999,,,99999,,,99999,,,302,303,305,,,,,99999,,,,711,401,,,,,,711,,,,,,,401,,,,,,
2049_927,101,,,,,,,101,,,,,,,99999,,,,,,,401,201,,401,,,201,,,102,,,,,,,302,303,,,99999,,,,,,,99999,,,,,,,99999,,,,,,
2050_732,201,103,301,401,,,,201,103,,,,,,301,401,,,,,,99999,,,99999,,,99999,,,302,303,305,304,206,,,99999,,,,201,504,706,704,,,,201,,,,,,,504,706,704,,,,
2050_927,105,202,301,401,,,,105,202,,,,,,301,401,,,,,,99999,,,99999,,,99999,,,303,,,,,,,301,306,,,99999,,,,,,,99999,,,,,,,99999,,,,,,
2051_732,201,301,,,,,,201,,,,,,,301,,,,,,,102,,,102,,,99999,,,302,,,,,,,310,303,,,99999,,,,,,,99999,,,,,,,99999,,,,,,
2051_927,202,301,401,102,,,,202,,,,,,,301,401,102,,,,,99999,,,99999,,,99999,,,302,205,303,305,,,,99999,,,,701,605,,,,,,701,,,,,,,605,,,,,,
2052_732,202,301,401,104,,,,202,,,,,,,301,401,104,,,,,99999,,,99999,,,99999,,,302,303,202,206,204,,,901,,,,99999,,,,,,,99999,,,,,,,99999,,,,,,
2052_927,202,301,401,105,,,,202,,,,,,,301,401,105,,,,,99999,,,99999,,,99999,,,303,301,201,,,,,203,,,,502,711,702,705,,,,502,,,,,,,711,702,705,,,,
2053_732,201,901,301,401,,,,201,901,,,,,,301,401,,,,,,99999,,,99999,,,99999,,,302,303,901,,,,,99999,,,,702,705,201,101,,,,702,705,,,,,,201,101,,,,,
2053_927,201,401,102,301,,,,201,401,102,,,,,301,,,,,,,99999,,,99999,,,99999,,,302,303,305,901,,,,205,,,,99999,,,,,,,99999,,,,,,,99999,,,,,,
2054_732,104,201,302,401,,,,104,201,302,,,,,401,,,,,,,99999,,,99999,,,99999,,,102,303,304,,,,,210,,,,702,709,501,101,710,,,702,709,,,,,,501,101,710,,,,
2054_927,201,301,401,,,,,201,,,,,,,301,401,,,,,,103,,,103,,,99999,,,102,303,304,,,,,204,,,,99999,,,,,,,99999,,,,,,,99999,,,,,,
2055_732,201,907,301,401,103,,,201,907,,,,,,301,401,103,,,,,99999,,,99999,,,99999,,,302,303,305,,,,,99999,,,,99999,,,,,,,99999,,,,,,,99999,,,,,,
2055_927,201,902,301,401,907,103,,201,902,,,,,,301,401,907,103,,,,99999,,,99999,,,99999,,,201,205,301,307,,,,99999,,,,707,712,,,,,,707,712,,,,,,99999,,,,,,
2056_732,102,201,301,401,,,,102,,,,,,,201,301,401,,,,,99999,,,99999,,,99999,,,302,304,206,303,101,901,,99999,,,,711,602,,,,,,711,,,,,,,602,,,,,,
2056_927,102,201,301,401,,,,102,,,,,,,201,301,401,,,,,99999,,,99999,,,99999,,,901,201,303,304,,,,99999,,,,99999,,,,,,,99999,,,,,,,99999,,,,,,
2057_732,103,907,301,,,,,103,907,,,,,,301,,,,,,,902,,,902,,,99999,,,302,102,303,350,,,,99999,,,,705,702,,,,,,705,702,,,,,,99999,,,,,,
2057_927,201,401,301,907,105,,,201,401,,,,,,301,907,105,,,,,99999,,,99999,,,99999,,,302,201,103,,,,,311,204,,,99999,,,,,,,99999,,,,,,,99999,,,,,,
2058_732,202,301,401,104,,,,202,,,,,,,301,401,104,,,,,99999,,,99999,,,99999,,,302,305,,,,,,301,,,,702,705,709,,,,,702,705,709,,,,,99999,,,,,,
2058_927,902,201,,,,,,902,,,,,,,201,,,,,,,902,904,104,902,904,,104,,,305,306,,,,,,99999,,,,99999,,,,,,,99999,,,,,,,99999,,,,,,
2059_732,201,,,,,,,201,,,,,,,99999,,,,,,,99999,,,99999,,,99999,,,302,206,303,305,,,,99999,,,,703,702,705,709,602,,,703,702,705,709,,,,602,,,,,,
2059_927,301,105,,,,,,301,,,,,,,105,,,,,,,99999,,,99999,,,99999,,,102,,,,,,,311,204,,,99999,,,,,,,99999,,,,,,,99999,,,,,,
2060_732,201,401,901,102,,,,201,401,,,,,,901,102,,,,,,99999,,,99999,,,99999,,,302,303,,,,,,99999,,,,702,705,602,604,,,,702,705,,,,,,602,604,,,,,
2060_927,201,102,301,401,,,,201,102,,,,,,301,401,,,,,,904,,,904,,,99999,,,302,206,102,906,,,,306,,,,99999,,,,,,,99999,,,,,,,99999,,,,,,
2061_732,201,105,301,401,,,,201,,,,,,,105,301,401,,,,,99999,,,99999,,,99999,,,302,304,303,207,,,,99999,,,,99999,,,,,,,99999,,,,,,,99999,,,,,,
2061_927,201,103,301,401,,,,201,,,,,,,103,301,401,,,,,99999,,,99999,,,99999,,,302,205,303,305,102,,,99999,,,,99999,,,,,,,99999,,,,,,,99999,,,,,,
2062_732,201,401,402,301,102,,,201,401,402,,,,,301,102,,,,,,99999,,,99999,,,99999,,,102,202,303,,,,,99999,,,,99999,,,,,,,99999,,,,,,,99999,,,,,,
2062_927,201,302,102,,,,,201,,,,,,,302,102,,,,,,99999,,,99999,,,99999,,,201,205,301,307,,,,99999,,,,99999,,,,,,,99999,,,,,,,99999,,,,,,
2063_732,201,103,301,401,,,,201,,,,,,,103,301,401,,,,,99999,,,99999,,,99999,,,302,303,209,,,,,99999,,,,99999,,,,,,,99999,,,,,,,99999,,,,,,
2063_927,201,401,103,301,,,,201,401,,,,,,103,301,,,,,,99999,,,99999,,,99999,,,303,,,,,,,99999,,,,99999,,,,,,,99999,,,,,,,99999,,,,,,
2064_732,301,901,103,201,401,,,301,,,,,,,901,103,201,401,,,,99999,,,99999,,,99999,,,302,101,305,,,,,99999,,,,99999,,,,,,,99999,,,,,,,99999,,,,,,
2064_927,201,902,301,401,,,,201,902,,,,,,301,401,,,,,,101,,,101,,,99999,,,305,303,,,,,,99999,,,,99999,,,,,,,99999,,,,,,,99999,,,,,,
2065_732,201,901,401,103,,,,201,901,,,,,,401,103,,,,,,301,,,301,,,99999,,,302,206,204,102,901,,,99999,,,,99999,,,,,,,99999,,,,,,,99999,,,,,,
2065_927,103,201,401,,,,,103,,,,,,,201,401,,,,,,301,,,301,,,99999,,,302,303,205,102,,,,99999,,,,99999,,,,,,,99999,,,,,,,99999,,,,,,
2066_732,201,103,301,,,,,201,103,,,,,,103,301,,,,,,99999,,,99999,,,99999,,,302,304,206,202,204,,,99999,,,,99999,,,,,,,99999,,,,,,,99999,,,,,,
2066_927,103,301,401,,,,,103,,,,,,,301,401,,,,,,202,,,202,,,99999,,,302,304,102,208,,,,99999,,,,99999,,,,,,,99999,,,,,,,99999,,,,,,
2067_732,201,102,301,401,,,,201,,,,,,,102,301,401,,,,,99999,,,99999,,,99999,,,302,303,304,204,,,,99999,,,,99999,,,,,,,99999,,,,,,,99999,,,,,,
2067_927,201,401,301,102,,,,201,401,,,,,,301,102,,,,,,99999,,,99999,,,99999,,,302,304,305,,,,,99999,,,,99999,,,,,,,99999,,,,,,,99999,,,,,,
2068_732,401,102,301,201,,,,401,,,,,,,102,301,201,,,,,99999,,,99999,,,99999,,,302,102,206,303,,,,99999,,,,99999,,,,,,,99999,,,,,,,99999,,,,,,
2068_927,301,201,402,,,,,301,,,,,,,201,402,,,,,,99999,,,99999,,,99999,,,201,906,,,,,,99999,,,,99999,,,,,,,99999,,,,,,,99999,,,,,,
2069_732,201,401,902,101,301,,,201,401,902,,,,,101,301,,,,,,99999,,,99999,,,99999,,,302,303,206,,,,,99999,,,,99999,,,,,,,99999,,,,,,,99999,,,,,,
2069_927,907,401,201,105,301,,,907,401,201,,,,,105,301,,,,,,99999,,,99999,,,99999,,,307,309,302,,,,,99999,,,,99999,,,,,,,99999,,,,,,,99999,,,,,,
2070_732,201,901,301,401,103,,,201,901,,,,,,301,401,103,,,,,99999,,,99999,,,99999,,,302,303,102,,,,,99999,,,,99999,,,,,,,99999,,,,,,,99999,,,,,,
2070_927,201,302,401,,,,,201,,,,,,,302,401,,,,,,101,,,101,,,99999,,,305,303,,,,,,99999,,,,99999,,,,,,,99999,,,,,,,99999,,,,,,
2071_732,202,301,,,,,,202,,,,,,,301,,,,,,,99999,,,99999,,,99999,,,303,,,,,,,99999,,,,99999,,,,,,,99999,,,,,,,99999,,,,,,
2071_927,202,402,301,103,,,,202,402,,,,,,301,103,,,,,,99999,,,99999,,,99999,,,302,303,309,,,,,99999,,,,99999,,,,,,,99999,,,,,,,99999,,,,,,
2072_732,301,103,201,401,302,,,301,,,,,,,103,201,401,302,,,,99999,,,99999,,,99999,,,302,303,209,204,206,,,99999,,,,99999,,,,,,,99999,,,,,,,99999,,,,,,
2072_927,301,201,401,,,,,301,,,,,,,201,401,,,,,,99999,,,99999,,,99999,,,305,303,,,,,,99999,,,,99999,,,,,,,99999,,,,,,,99999,,,,,,
2073_732,202,105,301,401,,,,202,,,,,,,105,301,401,,,,,99999,,,99999,,,99999,,,302,304,303,305,202,206,,99999,,,,99999,,,,,,,99999,,,,,,,99999,,,,,,
2073_927,202,103,907,301,401,,,202,,,,,,,103,907,301,401,,,,99999,,,99999,,,99999,,,302,304,303,305,205,,,99999,,,,99999,,,,,,,99999,,,,,,,99999,,,,,,
2074_732,201,301,105,401,,,,201,301,,,,,,105,401,,,,,,99999,,,99999,,,99999,,,302,303,304,305,306,,,99999,,,,99999,,,,,,,99999,,,,,,,99999,,,,,,
2074_927,202,103,301,401,,,,202,,,,,,,103,301,401,,,,,99999,,,99999,,,99999,,,304,205,,,,,,99999,,,,99999,,,,,,,99999,,,,,,,99999,,,,,,
2075_732,201,301,902,401,103,,,201,301,902,,,,,401,103,,,,,,99999,,,99999,,,99999,,,302,350,,,,,,99999,,,,99999,,,,,,,99999,,,,,,,99999,,,,,,
2075_927,201,402,301,103,901,,,201,402,301,103,,,,901,,,,,,,906,,,906,,,99999,,,102,205,201,,,,,99999,,,,99999,,,,,,,99999,,,,,,,99999,,,,,,
2076_732,301,103,201,401,,,,301,,,,,,,103,201,401,,,,,99999,,,99999,,,99999,,,302,303,310,,,,,99999,,,,99999,,,,,,,99999,,,,,,,99999,,,,,,
2076_927,201,103,301,401,,,,201,,,,,,,103,301,401,,,,,99999,,,99999,,,99999,,,102,205,305,304,,,,99999,,,,99999,,,,,,,99999,,,,,,,99999,,,,,,
2077_732,201,103,301,401,,,,201,,,,,,,103,301,401,,,,,99999,,,99999,,,99999,,,302,303,202,209,,,,99999,,,,99999,,,,,,,99999,,,,,,,99999,,,,,,
2077_927,202,103,301,401,,,,202,,,,,,,103,301,401,,,,,99999,,,99999,,,99999,,,201,205,304,303,,,,99999,,,,99999,,,,,,,99999,,,,,,,99999,,,,,,
2078_732,201,102,301,401,,,,201,,,,,,,102,301,401,,,,,99999,,,99999,,,99999,,,302,303,207,,,,,99999,,,,99999,,,,,,,99999,,,,,,,99999,,,,,,
2078_927,201,103,301,401,,,,201,,,,,,,103,301,401,,,,,99999,,,99999,,,99999,,,305,304,205,,,,,99999,,,,99999,,,,,,,99999,,,,,,,99999,,,,,,
2079_732,201,102,301,,,,,201,,,,,,,102,301,,,,,,99999,,,99999,,,99999,,,305,303,,,,,,99999,,,,99999,,,,,,,99999,,,,,,,99999,,,,,,
2079_927,201,907,102,301,401,402,,201,907,,,,,,102,301,401,402,,,,99999,,,99999,,,99999,,,302,303,305,205,309,,,99999,,,,99999,,,,,,,99999,,,,,,,99999,,,,,,
2080_732,301,105,201,401,,,,301,,,,,,,105,201,401,,,,,99999,,,99999,,,99999,,,302,303,209,204,206,305,,99999,,,,99999,,,,,,,99999,,,,,,,99999,,,,,,
2080_927,201,105,301,401,,,,201,,,,,,,105,301,401,,,,,99999,,,99999,,,99999,,,305,,,,,,,99999,,,,99999,,,,,,,99999,,,,,,,99999,,,,,,
2081_732,202,105,301,401,,,,202,,,,,,,105,301,401,,,,,99999,,,99999,,,99999,,,302,303,305,209,202,206,207,99999,,,,99999,,,,,,,99999,,,,,,,99999,,,,,,
2081_927,201,105,401,,,,,201,,,,,,,105,401,,,,,,302,,,302,,,99999,,,302,205,305,,,,,99999,,,,99999,,,,,,,99999,,,,,,,99999,,,,,,
2082_732,201,103,301,401,,,,201,,,,,,,103,301,401,,,,,99999,,,99999,,,99999,,,302,304,202,206,305,,,99999,,,,99999,,,,,,,99999,,,,,,,99999,,,,,,
2082_927,201,301,102,401,,,,201,301,,,,,,102,401,,,,,,99999,,,99999,,,99999,,,305,307,205,,,,,99999,,,,99999,,,,,,,99999,,,,,,,99999,,,,,,
2083_732,301,402,102,,,,,301,402,,,,,,102,,,,,,,202,,,202,,,99999,,,102,303,204,,,,,99999,,,,99999,,,,,,,99999,,,,,,,99999,,,,,,
2083_927,201,301,402,,,,,201,301,402,,,,,99999,,,,,,,101,,,101,,,99999,,,102,205,303,,,,,99999,,,,99999,,,,,,,99999,,,,,,,99999,,,,,,
2084_732,201,301,401,,,,,201,,,,,,,301,401,,,,,,99999,,,99999,,,99999,,,207,303,,,,,,99999,,,,99999,,,,,,,99999,,,,,,,99999,,,,,,
2084_927,201,102,301,401,,,,201,,,,,,,102,301,401,,,,,99999,,,99999,,,99999,,,302,304,303,907,,,,99999,,,,99999,,,,,,,99999,,,,,,,99999,,,,,,
2085_732,201,102,301,401,,,,201,,,,,,,102,301,401,,,,,99999,,,99999,,,99999,,,302,204,202,206,,,,99999,,,,99999,,,,,,,99999,,,,,,,99999,,,,,,
2085_927,202,103,907,301,401,,,202,103,,,,,,907,301,401,,,,,99999,,,99999,,,99999,,,302,303,205,305,,,,99999,,,,99999,,,,,,,99999,,,,,,,99999,,,,,,
2086_732,301,103,201,401,,,,301,,,,,,,103,201,401,,,,,99999,,,99999,,,99999,,,305,303,,,,,,99999,,,,99999,,,,,,,99999,,,,,,,99999,,,,,,
2086_927,201,301,102,401,,,,201,301,,,,,,102,401,,,,,,99999,,,99999,,,99999,,,305,205,,,,,,99999,,,,99999,,,,,,,99999,,,,,,,99999,,,,,,
2087_732,201,301,401,,,,,201,,,,,,,301,401,,,,,,99999,,,99999,,,99999,,,302,206,209,305,303,,,99999,,,,99999,,,,,,,99999,,,,,,,99999,,,,,,
2087_927,201,102,301,401,,,,201,,,,,,,102,301,401,,,,,99999,,,99999,,,99999,,,303,304,205,203,,,,99999,,,,99999,,,,,,,99999,,,,,,,99999,,,,,,
2088_732,201,102,301,401,,,,201,102,,,,,,301,401,,,,,,99999,,,99999,,,99999,,,302,303,202,206,305,102,,99999,,,,99999,,,,,,,99999,,,,,,,99999,,,,,,
2088_927,201,102,301,401,,,,201,,,,,,,102,301,401,,,,,99999,,,99999,,,99999,,,302,305,205,901,,,,99999,,,,99999,,,,,,,99999,,,,,,,99999,,,,,,
2089_732,201,901,105,301,401,,,201,,,,,,,901,105,301,401,,,,99999,,,99999,,,99999,,,305,202,206,209,303,,,99999,,,,99999,,,,,,,99999,,,,,,,99999,,,,,,
2089_927,202,103,301,401,,,,202,,,,,,,103,301,401,,,,,99999,,,99999,,,99999,,,305,205,304,,,,,99999,,,,99999,,,,,,,99999,,,,,,,99999,,,,,,
2090_732,201,103,301,401,,,,201,,,,,,,103,301,401,,,,,99999,,,99999,,,99999,,,302,303,305,,,,,99999,,,,99999,,,,,,,99999,,,,,,,99999,,,,,,
2090_927,201,902,102,301,401,,,201,902,,,,,,102,301,401,,,,,99999,,,99999,,,99999,,,305,201,304,,,,,99999,,,,99999,,,,,,,99999,,,,,,,99999,,,,,,
