RESPONDENTID,Main_P1a_Ly_do_thich_Total_OE_1,Main_P1a_Ly_do_thich_Total_OE_2,Main_P1a_Ly_do_thich_Total_OE_3,Main_P1a_Ly_do_thich_Total_OE_4,Main_P1a_Ly_do_thich_Total_OE_5,Main_P1a_Ly_do_thich_Total_OE_6,Main_P1a_Ly_do_thich_Total_OE_7,Main_P1a_Ly_do_thich_Total_OE_8,Main_P1a_Ly_do_thich_Total_OE_9,Main_P1a_Ly_do_thich_Total_OE_10,Main_P1a_Ly_do_thich_Total_OE_11,Main_P1a_Ly_do_thich_Total_OE_12,Main_P1a_Ly_do_thich_Total_OE_13,Main_P1a_Ly_do_thich_Total_OE_14,Main_P1a_Ly_do_thich_Total_OE_15,Main_P1a_Ly_do_thich_Total_OE_16,Main_P1a_Ly_do_thich_Y1_OE_1,Main_P1a_Ly_do_thich_Y1_OE_2,Main_P1a_Ly_do_thich_Y1_OE_3,Main_P1a_Ly_do_thich_Y1_OE_4,Main_P1a_Ly_do_thich_Y1_OE_5,Main_P1a_Ly_do_thich_Y1_OE_6,Main_P1a_Ly_do_thich_Y1_OE_7,Main_P1a_Ly_do_thich_Y1_OE_8,Main_P1a_Ly_do_thich_Y1_OE_9,Main_P1a_Ly_do_thich_Y1_OE_10,Main_P1a_Ly_do_thich_Y1_OE_11,Main_P1a_Ly_do_thich_Y1_OE_12,Main_P1a_Ly_do_thich_Y1_OE_13,Main_P1a_Ly_do_thich_Y1_OE_14,Main_P1a_Ly_do_thich_Y1_OE_15,Main_P1a_Ly_do_thich_Y1_OE_16,Main_P1a_Ly_do_thich_Y2_OE_1,Main_P1a_Ly_do_thich_Y2_OE_2,Main_P1a_Ly_do_thich_Y2_OE_3,Main_P1a_Ly_do_thich_Y2_OE_4,Main_P1a_Ly_do_thich_Y2_OE_5,Main_P1a_Ly_do_thich_Y2_OE_6,Main_P1a_Ly_do_thich_Y2_OE_7,Main_P1a_Ly_do_thich_Y2_OE_8,Main_P1a_Ly_do_thich_Y2_OE_9,Main_P1a_Ly_do_thich_Y2_OE_10,Main_P1a_Ly_do_thich_Y2_OE_11,Main_P1a_Ly_do_thich_Y2_OE_12,Main_P1a_Ly_do_thich_Y2_OE_13,Main_P1a_Ly_do_thich_Y2_OE_14,Main_P1a_Ly_do_thich_Y2_OE_15,Main_P1a_Ly_do_thich_Y2_OE_16,Main_P1b_Ly_do_khong_thich_Total_OE_1,Main_P1b_Ly_do_khong_thich_Total_OE_2,Main_P1b_Ly_do_khong_thich_Total_OE_3,Main_P1b_Ly_do_khong_thich_Total_OE_4,Main_P1b_Ly_do_khong_thich_Total_OE_5,Main_P1b_Ly_do_khong_thich_Total_OE_6,Main_P1b_Ly_do_khong_thich_Y1_OE_1,Main_P1b_Ly_do_khong_thich_Y1_OE_2,Main_P1b_Ly_do_khong_thich_Y1_OE_3,Main_P1b_Ly_do_khong_thich_Y1_OE_4,Main_P1b_Ly_do_khong_thich_Y1_OE_5,Main_P1b_Ly_do_khong_thich_Y1_OE_6,Main_P1b_Ly_do_khong_thich_Y2_OE_1,Main_P1b_Ly_do_khong_thich_Y2_OE_2,Main_P1b_Ly_do_khong_thich_Y2_OE_3,Main_P1b_Ly_do_khong_thich_Y2_OE_4,Main_P1b_Ly_do_khong_thich_Y2_OE_5,Main_P1b_Ly_do_khong_thich_Y2_OE_6,Main_P3a_Chu_y_nuoc_pho_OE_OE_1,Main_P3a_Chu_y_nuoc_pho_OE_OE_2,Main_P3a_Chu_y_nuoc_pho_OE_OE_3,Main_P3a_Chu_y_nuoc_pho_OE_OE_4,Main_P100a_Thich_hon_Total_OE_1,Main_P100a_Thich_hon_Total_OE_2,Main_P100a_Thich_hon_Total_OE_3,Main_P100a_Thich_hon_Total_OE_4,Main_P100a_Thich_hon_Total_OE_5,Main_P100a_Thich_hon_Total_OE_6,Main_P100a_Thich_hon_Total_OE_7,Main_P100a_Thich_hon_Y1_OE_1,Main_P100a_Thich_hon_Y1_OE_2,Main_P100a_Thich_hon_Y1_OE_3,Main_P100a_Thich_hon_Y1_OE_4,Main_P100a_Thich_hon_Y1_OE_5,Main_P100a_Thich_hon_Y1_OE_6,Main_P100a_Thich_hon_Y1_OE_7,Main_P100a_Thich_hon_Y2_OE_1,Main_P100a_Thich_hon_Y2_OE_2,Main_P100a_Thich_hon_Y2_OE_3,Main_P100a_Thich_hon_Y2_OE_4,Main_P100a_Thich_hon_Y2_OE_5,Main_P100a_Thich_hon_Y2_OE_6,Main_P100a_Thich_hon_Y2_OE_7,Main_T1a_Ly_do_bao_bi_OE_OE_1,Main_T1a_Ly_do_bao_bi_OE_OE_2,Main_T1a_Ly_do_bao_bi_OE_OE_3,Main_T1a_Ly_do_bao_bi_OE_OE_4,Main_T1a_Ly_do_bao_bi_OE_OE_5,Main_T1a_Ly_do_bao_bi_OE_OE_6
2001_1,111,171,,,,,,,,,,,,,,,111,,,,,,,,,,,,,,,,171,,,,,,,,,,,,,,,,99999,,,,,,99999,,,,,,99999,,,,,,1,2,,,311,312,313,,,,,311,312,313,,,,,99999,,,,,,,601,,,,,
2001_2,171,136,211,,,,,,,,,,,,,,171,,,,,,,,,,,,,,,,136,211,,,,,,,,,,,,,,,99999,,,,,,99999,,,,,,99999,,,,,,1,2,,,,,,,,,,,,,,,,,,,,,,,,601,,,,,
2002_1,112,131,211,,,,,,,,,,,,,,112,131,,,,,,,,,,,,,,,211,,,,,,,,,,,,,,,,99999,,,,,,99999,,,,,,99999,,,,,,4,,,,311,314,331,333,337,372,381,311,314,331,333,337,,,372,381,,,,,,601,602,,,,
2002_2,220,112,,,,,,,,,,,,,,,220,,,,,,,,,,,,,,,,112,,,,,,,,,,,,,,,,425,404,,,,,425,,,,,,404,,,,,,22,,,,,,,,,,,,,,,,,,,,,,,,,601,602,,,,
2003_1,112,134,135,163,172,171,212,,,,,,,,,,112,134,135,,,,,,,,,,,,,,163,172,171,212,,,,,,,,,,,,,99999,,,,,,99999,,,,,,99999,,,,,,3,,,,311,331,371,,,,,311,,,,,,,331,371,,,,,,621,601,603,641,642,604
2003_2,220,,,,,,,,,,,,,,,,220,,,,,,,,,,,,,,,,99999,,,,,,,,,,,,,,,,513,401,426,503,403,436,513,401,426,,,,503,403,436,,,,21,,,,,,,,,,,,,,,,,,,,,,,,,621,601,603,641,642,604
2004_1,171,102,113,138,161,,,,,,,,,,,,171,,,,,,,,,,,,,,,,102,113,138,161,,,,,,,,,,,,,405,,,,,,405,,,,,,99999,,,,,,4,,,,314,337,353,,,,,314,,,,,,,337,353,,,,,,601,603,,,,
2004_2,171,104,112,136,131,162,211,,,,,,,,,,171,,,,,,,,,,,,,,,,104,112,136,131,162,211,,,,,,,,,,,99999,,,,,,99999,,,,,,99999,,,,,,5,4,,,,,,,,,,,,,,,,,,,,,,,,601,603,,,,
2005_1,132,171,109,112,,,,,,,,,,,,,132,171,,,,,,,,,,,,,,,109,112,,,,,,,,,,,,,,,99999,,,,,,99999,,,,,,99999,,,,,,4,14,,,,,,,,,,,,,,,,,,,,,,,,642,605,651,,,
2005_2,132,171,110,112,119,152,164,165,,,,,,,,,132,171,,,,,,,,,,,,,,,110,112,119,152,164,165,,,,,,,,,,,99999,,,,,,99999,,,,,,99999,,,,,,6,,,,313,335,351,343,,,,313,335,351,343,,,,99999,,,,,,,642,605,651,,,
2006_1,112,121,102,133,141,142,171,178,177,213,,,,,,,112,121,,,,,,,,,,,,,,,102,133,141,142,171,178,177,213,,,,,,,,,411,,,,,,411,,,,,,411,,,,,,7,4,,,316,311,314,,,,,316,311,314,,,,,99999,,,,,,,721,,,,,
2006_2,171,172,174,101,102,113,127,119,133,211,,,,,,,171,172,174,,,,,,,,,,,,,,101,102,113,127,119,133,211,,,,,,,,,,411,,,,,,411,,,,,,99999,,,,,,8,4,,,,,,,,,,,,,,,,,,,,,,,,721,,,,,
2007_1,131,136,112,171,211,,,,,,,,,,,,131,136,,,,,,,,,,,,,,,112,171,211,,,,,,,,,,,,,,99999,,,,,,99999,,,,,,99999,,,,,,4,5,,,,,,,,,,,,,,,,,,,,,,,,601,606,647,,,
2007_2,112,102,136,131,171,211,215,,,,,,,,,,112,,,,,,,,,,,,,,,,102,136,131,171,211,215,,,,,,,,,,,99999,,,,,,99999,,,,,,99999,,,,,,3,2,,,311,349,,,,,,311,,,,,,,349,,,,,,,601,606,647,,,
2008_1,136,171,102,104,115,137,166,161,211,,,,,,,,136,171,,,,,,,,,,,,,,,102,104,115,137,166,161,211,,,,,,,,,,99999,,,,,,99999,,,,,,99999,,,,,,4,5,,,339,,,,,,,339,,,,,,,99999,,,,,,,652,622,601,607,606,605
2008_2,114,115,137,102,104,166,162,171,211,,,,,,,,114,115,137,,,,,,,,,,,,,,102,104,166,162,171,211,,,,,,,,,,,99999,,,,,,99999,,,,,,99999,,,,,,5,4,,,,,,,,,,,,,,,,,,,,,,,,652,622,601,607,606,605
2009_1,118,133,104,171,216,,,,,,,,,,,,118,133,,,,,,,,,,,,,,,104,171,216,,,,,,,,,,,,,,99999,,,,,,99999,,,,,,99999,,,,,,5,,,,311,333,,,,,,311,,,,,,,333,,,,,,,601,642,,,,
2009_2,132,171,172,191,128,216,,,,,,,,,,,132,171,172,,,,,,,,,,,,,,191,128,216,,,,,,,,,,,,,,99999,,,,,,99999,,,,,,99999,,,,,,4,5,,,,,,,,,,,,,,,,,,,,,,,,601,642,,,,
2010_1,141,113,136,131,171,211,,,,,,,,,,,141,,,,,,,,,,,,,,,,113,136,131,171,211,,,,,,,,,,,,99999,,,,,,99999,,,,,,99999,,,,,,4,5,,,,,,,,,,,,,,,,,,,,,,,,601,607,608,643,,
2010_2,171,172,136,131,211,215,,,,,,,,,,,171,172,,,,,,,,,,,,,,,136,131,211,215,,,,,,,,,,,,,99999,,,,,,99999,,,,,,99999,,,,,,4,2,,,350,371,392,,,,,350,,,,,,,371,392,,,,,,601,607,608,643,,
2011_1,117,113,138,171,102,162,,,,,,,,,,,117,113,138,171,,,,,,,,,,,,,102,162,,,,,,,,,,,,,,,99999,,,,,,99999,,,,,,99999,,,,,,4,,,,333,,,,,,,333,,,,,,,99999,,,,,,,601,607,602,,,
2011_2,139,131,136,171,102,112,117,161,,,,,,,,,139,131,136,171,,,,,,,,,,,,,102,112,117,161,,,,,,,,,,,,,99999,,,,,,99999,,,,,,99999,,,,,,4,,,,,,,,,,,,,,,,,,,,,,,,,601,607,602,,,
2012_1,118,131,162,,,,,,,,,,,,,,118,131,,,,,,,,,,,,,,,162,,,,,,,,,,,,,,,,431,,,,,,431,,,,,,99999,,,,,,9,,,,,,,,,,,,,,,,,,,,,,,,,623,608,644,,,
2012_2,181,192,117,124,113,137,172,,,,,,,,,,181,,,,,,,,,,,,,,,,192,117,124,113,137,172,,,,,,,,,,,99999,,,,,,99999,,,,,,99999,,,,,,10,6,,,371,375,334,351,354,,,371,375,,,,,,334,351,354,,,,,623,608,644,,,
2013_1,137,101,102,115,117,136,171,,,,,,,,,,137,,,,,,,,,,,,,,,,101,102,115,117,136,171,,,,,,,,,,,99999,,,,,,99999,,,,,,99999,,,,,,8,3,2,,314,304,333,,,,,314,,,,,,,304,333,,,,,,601,642,,,,
2013_2,139,136,131,171,,,,,,,,,,,,,139,,,,,,,,,,,,,,,,136,131,171,,,,,,,,,,,,,,99999,,,,,,99999,,,,,,99999,,,,,,2,,,,,,,,,,,,,,,,,,,,,,,,,601,642,,,,
2014_1,112,102,136,131,161,171,211,,,,,,,,,,112,,,,,,,,,,,,,,,,102,136,131,161,171,211,,,,,,,,,,,99999,,,,,,99999,,,,,,99999,,,,,,4,5,,,,,,,,,,,,,,,,,,,,,,,,601,606,642,621,,
2014_2,171,172,102,112,136,131,161,211,215,,,,,,,,171,172,,,,,,,,,,,,,,,102,112,136,131,161,211,215,,,,,,,,,,99999,,,,,,99999,,,,,,99999,,,,,,4,5,,,373,,,,,,,373,,,,,,,99999,,,,,,,601,606,642,621,,
2015_1,113,112,136,131,171,102,167,211,,,,,,,,,113,112,136,131,171,,,,,,,,,,,,102,167,211,,,,,,,,,,,,,,99999,,,,,,99999,,,,,,99999,,,,,,4,,,,,,,,,,,,,,,,,,,,,,,,,624,601,,,,
2015_2,131,171,102,112,161,211,,,,,,,,,,,131,171,,,,,,,,,,,,,,,102,112,161,211,,,,,,,,,,,,,99999,,,,,,99999,,,,,,99999,,,,,,4,,,,334,,,,,,,334,,,,,,,99999,,,,,,,624,601,,,,
2016_1,116,121,149,163,171,,,,,,,,,,,,116,121,,,,,,,,,,,,,,,149,163,171,,,,,,,,,,,,,,99999,,,,,,99999,,,,,,99999,,,,,,1,,,,,,,,,,,,,,,,,,,,,,,,,625,626,621,643,,
2016_2,101,132,144,142,120,163,171,220,134,,,,,,,,101,132,144,142,,,,,,,,,,,,,120,163,171,220,134,,,,,,,,,,,,99999,,,,,,99999,,,,,,99999,,,,,,8,4,,,331,,,,,,,331,,,,,,,99999,,,,,,,625,626,621,643,,
2017_1,113,101,140,171,178,,,,,,,,,,,,113,,,,,,,,,,,,,,,,101,140,171,178,,,,,,,,,,,,,99999,,,,,,99999,,,,,,99999,,,,,,6,2,,,,,,,,,,,,,,,,,,,,,,,,601,644,,,,
2017_2,101,131,171,220,183,,,,,,,,,,,,101,,,,,,,,,,,,,,,,131,171,220,183,,,,,,,,,,,,,99999,,,,,,99999,,,,,,99999,,,,,,8,,,,333,313,393,,,,,333,,,,,,,313,393,,,,,,601,644,,,,
2018_1,112,105,136,131,171,211,,,,,,,,,,,112,,,,,,,,,,,,,,,,105,136,131,171,211,,,,,,,,,,,,99999,,,,,,99999,,,,,,99999,,,,,,8,,,,,,,,,,,,,,,,,,,,,,,,,601,606,608,,,
2018_2,112,105,114,136,131,161,171,211,,,,,,,,,112,,,,,,,,,,,,,,,,105,114,136,131,161,171,211,,,,,,,,,,99999,,,,,,99999,,,,,,99999,,,,,,8,,,,311,333,361,,,,,311,,,,,,,333,361,,,,,,601,606,608,,,
2019_1,112,136,131,102,104,161,171,,,,,,,,,,112,136,131,,,,,,,,,,,,,,102,104,161,171,,,,,,,,,,,,,99999,,,,,,99999,,,,,,99999,,,,,,4,,,,342,,,,,,,342,,,,,,,99999,,,,,,,651,601,609,,,
2019_2,131,136,171,102,112,161,,,,,,,,,,,131,136,171,,,,,,,,,,,,,,102,112,161,,,,,,,,,,,,,,99999,,,,,,99999,,,,,,99999,,,,,,4,,,,,,,,,,,,,,,,,,,,,,,,,651,601,609,,,
2020_1,138,106,102,171,173,,,,,,,,,,,,138,,,,,,,,,,,,,,,,106,102,171,173,,,,,,,,,,,,,99999,,,,,,99999,,,,,,99999,,,,,,11,5,,,,,,,,,,,,,,,,,,,,,,,,721,610,,,,
2020_2,136,139,138,135,172,183,,,,,,,,,,,136,,,,,,,,,,,,,,,,139,138,135,172,183,,,,,,,,,,,,99999,,,,,,99999,,,,,,99999,,,,,,12,,,,301,341,333,,,,,301,,,,,,,341,333,,,,,,721,610,,,,
2021_1,132,172,175,116,,,,,,,,,,,,,132,172,175,,,,,,,,,,,,,,116,,,,,,,,,,,,,,,,501,424,,,,,501,,,,,,424,,,,,,22,,,,,,,,,,,,,,,,,,,,,,,,,607,641,642,643,653,
2021_2,132,142,182,102,112,,,,,,,,,,,,132,142,182,,,,,,,,,,,,,,102,112,,,,,,,,,,,,,,,99999,,,,,,99999,,,,,,99999,,,,,,5,1,,,349,341,303,,,,,349,341,,,,,,303,,,,,,,607,641,642,643,653,
2022_1,112,102,136,131,171,211,,,,,,,,,,,112,,,,,,,,,,,,,,,,102,136,131,171,211,,,,,,,,,,,,99999,,,,,,99999,,,,,,99999,,,,,,4,,,,374,335,,,,,,374,,,,,,,335,,,,,,,601,607,605,,,
2022_2,136,131,102,112,171,,,,,,,,,,,,136,131,,,,,,,,,,,,,,,102,112,171,,,,,,,,,,,,,,99999,,,,,,99999,,,,,,99999,,,,,,4,,,,,,,,,,,,,,,,,,,,,,,,,601,607,605,,,
2023_1,140,138,104,113,161,171,,,,,,,,,,,140,138,,,,,,,,,,,,,,,104,113,161,171,,,,,,,,,,,,,432,,,,,,432,,,,,,99999,,,,,,8,,,,314,342,,,,,,314,342,,,,,,99999,,,,,,,621,642,,,,
2023_2,112,138,106,171,,,,,,,,,,,,,112,138,,,,,,,,,,,,,,,106,171,,,,,,,,,,,,,,,405,,,,,,405,,,,,,99999,,,,,,8,,,,,,,,,,,,,,,,,,,,,,,,,621,642,,,,
2024_1,112,131,161,,,,,,,,,,,,,,112,,,,,,,,,,,,,,,,131,161,,,,,,,,,,,,,,,99999,,,,,,99999,,,,,,99999,,,,,,8,4,,,,,,,,,,,,,,,,,,,,,,,,601,621,,,,
2024_2,132,196,104,129,115,176,,,,,,,,,,,132,,,,,,,,,,,,,,,,196,104,129,115,176,,,,,,,,,,,,99999,,,,,,99999,,,,,,99999,,,,,,8,4,,,373,335,,,,,,373,,,,,,,335,,,,,,,601,621,,,,
2025_1,134,112,115,129,117,124,172,212,214,216,,,,,,,134,,,,,,,,,,,,,,,,112,115,129,117,124,172,212,214,216,,,,,,,,412,,,,,,412,,,,,,99999,,,,,,13,,,,,,,,,,,,,,,,,,,,,,,,,627,621,601,645,,
2025_2,102,122,138,133,162,172,192,211,216,,,,,,,,102,,,,,,,,,,,,,,,,122,138,133,162,172,192,211,216,,,,,,,,,99999,,,,,,99999,,,,,,99999,,,,,,3,14,2,15,334,335,304,,,,,334,335,,,,,,304,,,,,,,627,621,601,645,,
2026_1,136,139,102,116,161,171,211,,,,,,,,,,136,139,,,,,,,,,,,,,,,102,116,161,171,211,,,,,,,,,,,,99999,,,,,,99999,,,,,,99999,,,,,,4,,,,303,,,,,,,303,,,,,,,99999,,,,,,,601,,,,,
2026_2,119,136,131,171,,,,,,,,,,,,,119,,,,,,,,,,,,,,,,136,131,171,,,,,,,,,,,,,,501,,,,,,501,,,,,,99999,,,,,,22,,,,,,,,,,,,,,,,,,,,,,,,,601,,,,,
2027_1,113,112,115,173,171,172,103,138,161,211,216,217,,,,,113,112,115,173,171,172,,,,,,,,,,,103,138,161,211,216,217,,,,,,,,,,,99999,,,,,,99999,,,,,,99999,,,,,,16,,,,375,349,334,,,,,375,,,,,,,349,334,,,,,,610,,,,,
2027_2,103,132,143,171,172,115,116,130,139,161,168,213,211,216,217,182,103,132,143,171,172,,,,,,,,,,,,115,116,130,139,161,168,213,211,216,217,182,,,,,,99999,,,,,,99999,,,,,,99999,,,,,,2,16,33,32,,,,,,,,,,,,,,,,,,,,,,610,,,,,
2028_1,112,141,133,171,102,161,211,216,,,,,,,,,112,141,133,171,,,,,,,,,,,,,102,161,211,216,,,,,,,,,,,,,99999,,,,,,99999,,,,,,99999,,,,,,11,,,,,,,,,,,,,,,,,,,,,,,,,601,646,,,,
2028_2,139,171,104,122,136,131,166,211,215,,,,,,,,139,171,,,,,,,,,,,,,,,104,122,136,131,166,211,215,,,,,,,,,,99999,,,,,,99999,,,,,,99999,,,,,,5,,,,311,341,,,,,,311,341,,,,,,99999,,,,,,,601,646,,,,
2029_1,113,112,136,171,102,,,,,,,,,,,,113,112,136,171,,,,,,,,,,,,,102,,,,,,,,,,,,,,,,99999,,,,,,99999,,,,,,99999,,,,,,5,,,,,,,,,,,,,,,,,,,,,,,,,627,608,,,,
2029_2,115,132,171,182,136,211,,,,,,,,,,,115,132,171,182,,,,,,,,,,,,,136,211,,,,,,,,,,,,,,,99999,,,,,,99999,,,,,,99999,,,,,,4,,,,317,342,391,,,,,317,342,391,,,,,99999,,,,,,,627,608,,,,
2030_1,112,102,136,131,171,211,,,,,,,,,,,112,,,,,,,,,,,,,,,,102,136,131,171,211,,,,,,,,,,,,99999,,,,,,99999,,,,,,99999,,,,,,4,,,,,,,,,,,,,,,,,,,,,,,,,601,647,,,,
2030_2,136,131,102,112,169,172,211,,,,,,,,,,136,131,,,,,,,,,,,,,,,102,112,169,172,211,,,,,,,,,,,,99999,,,,,,99999,,,,,,99999,,,,,,4,,,,338,371,,,,,,338,,,,,,,371,,,,,,,601,647,,,,
2031_1,120,144,102,168,171,211,215,,,,,,,,,,120,144,,,,,,,,,,,,,,,102,168,171,211,215,,,,,,,,,,,,99999,,,,,,99999,,,,,,99999,,,,,,3,,,,337,,,,,,,337,,,,,,,99999,,,,,,,601,607,606,,,
2031_2,102,104,148,122,171,211,215,,,,,,,,,,102,104,148,,,,,,,,,,,,,,122,171,211,215,,,,,,,,,,,,,99999,,,,,,99999,,,,,,99999,,,,,,3,5,,,,,,,,,,,,,,,,,,,,,,,,601,607,606,,,
2032_1,115,131,171,,,,,,,,,,,,,,115,131,171,,,,,,,,,,,,,,99999,,,,,,,,,,,,,,,,99999,,,,,,99999,,,,,,99999,,,,,,5,,,,,,,,,,,,,,,,,,,,,,,,,601,606,607,642,,
2032_2,113,115,139,132,171,106,193,162,,,,,,,,,113,115,139,132,171,,,,,,,,,,,,106,193,162,,,,,,,,,,,,,,99999,,,,,,99999,,,,,,99999,,,,,,8,4,,,311,341,391,,,,,311,341,391,,,,,99999,,,,,,,601,606,607,642,,
2033_1,105,115,117,112,132,133,164,172,171,213,216,218,,,,,105,115,117,112,132,,,,,,,,,,,,133,164,172,171,213,216,218,,,,,,,,,,99999,,,,,,99999,,,,,,99999,,,,,,34,8,,,,,,,,,,,,,,,,,,,,,,,,610,627,,,,
2033_2,105,115,138,132,139,161,164,172,171,213,216,217,,,,,105,115,,,,,,,,,,,,,,,138,132,139,161,164,172,171,213,216,217,,,,,,,99999,,,,,,99999,,,,,,99999,,,,,,3,6,2,,341,335,363,,,,,341,,,,,,,335,363,,,,,,610,627,,,,
2034_1,112,102,136,171,211,,,,,,,,,,,,112,,,,,,,,,,,,,,,,102,136,171,211,,,,,,,,,,,,,511,,,,,,511,,,,,,99999,,,,,,5,,,,,,,,,,,,,,,,,,,,,,,,,642,601,606,,,
2034_2,136,131,192,112,119,161,172,171,211,,,,,,,,136,131,,,,,,,,,,,,,,,192,112,119,161,172,171,211,,,,,,,,,,99999,,,,,,99999,,,,,,99999,,,,,,4,5,,,336,311,,,,,,336,,,,,,,311,,,,,,,642,601,606,,,
2035_1,132,145,171,106,117,124,167,,,,,,,,,,132,145,171,,,,,,,,,,,,,,106,117,124,167,,,,,,,,,,,,,99999,,,,,,99999,,,,,,99999,,,,,,8,,,,,,,,,,,,,,,,,,,,,,,,,601,607,606,609,,
2035_2,132,146,171,106,112,,,,,,,,,,,,132,146,171,,,,,,,,,,,,,,106,112,,,,,,,,,,,,,,,99999,,,,,,99999,,,,,,99999,,,,,,8,,,,303,,,,,,,303,,,,,,,99999,,,,,,,601,607,606,609,,
2036_1,143,134,103,119,164,171,211,216,,,,,,,,,143,134,,,,,,,,,,,,,,,103,119,164,171,211,216,,,,,,,,,,,99999,,,,,,99999,,,,,,99999,,,,,,2,3,20,,,,,,,,,,,,,,,,,,,,,,,610,,,,,
2036_2,103,112,119,132,139,161,172,171,213,216,,,,,,,103,112,119,,,,,,,,,,,,,,132,139,161,172,171,213,216,,,,,,,,,,99999,,,,,,99999,,,,,,99999,,,,,,3,20,,,335,361,,,,,,335,361,,,,,,99999,,,,,,,610,,,,,
2037_1,113,133,102,161,171,172,211,215,,,,,,,,,113,133,,,,,,,,,,,,,,,102,161,171,172,211,215,,,,,,,,,,,433,,,,,,433,,,,,,99999,,,,,,3,17,,,,,,,,,,,,,,,,,,,,,,,,622,627,601,607,606,
2037_2,122,121,138,102,164,171,172,211,215,,,,,,,,122,121,138,,,,,,,,,,,,,,102,164,171,172,211,215,,,,,,,,,,,99999,,,,,,99999,,,,,,99999,,,,,,3,5,,,333,371,373,,,,,333,371,373,,,,,99999,,,,,,,622,627,601,607,606,
2038_1,113,115,136,171,211,,,,,,,,,,,,113,115,,,,,,,,,,,,,,,136,171,211,,,,,,,,,,,,,,404,,,,,,404,,,,,,99999,,,,,,5,6,,,,,,,,,,,,,,,,,,,,,,,,601,608,,,,
2038_2,136,131,102,112,115,171,211,,,,,,,,,,136,131,,,,,,,,,,,,,,,102,112,115,171,211,,,,,,,,,,,,99999,,,,,,99999,,,,,,99999,,,,,,4,,,,337,333,,,,,,337,333,,,,,,99999,,,,,,,601,608,,,,
2039_1,112,119,106,133,164,172,171,216,217,,,,,,,,112,119,,,,,,,,,,,,,,,106,133,164,172,171,216,217,,,,,,,,,,404,,,,,,404,,,,,,99999,,,,,,3,20,,,,,,,,,,,,,,,,,,,,,,,,601,610,621,,,
2039_2,171,172,103,112,119,117,133,136,148,139,166,164,213,217,216,,171,172,,,,,,,,,,,,,,,103,112,119,117,133,136,148,139,166,164,213,217,216,,,,99999,,,,,,99999,,,,,,99999,,,,,,3,18,,,337,341,,,,,,337,341,,,,,,99999,,,,,,,601,610,621,,,
2040_1,123,134,102,131,136,162,171,179,211,215,,,,,,,123,134,,,,,,,,,,,,,,,102,131,136,162,171,179,211,215,,,,,,,,,99999,,,,,,99999,,,,,,99999,,,,,,3,,,,,,,,,,,,,,,,,,,,,,,,,621,646,,,,
2040_2,120,133,102,202,171,211,215,,,,,,,,,,120,133,,,,,,,,,,,,,,,102,202,171,211,215,,,,,,,,,,,,99999,,,,,,99999,,,,,,99999,,,,,,3,,,,311,333,361,,,,,311,333,,,,,,361,,,,,,,621,646,,,,
2041_1,113,112,136,131,171,211,,,,,,,,,,,113,112,,,,,,,,,,,,,,,136,131,171,211,,,,,,,,,,,,,99999,,,,,,99999,,,,,,99999,,,,,,4,,,,,,,,,,,,,,,,,,,,,,,,,642,608,601,,,
2041_2,112,102,136,131,172,171,211,215,,,,,,,,,112,,,,,,,,,,,,,,,,102,136,131,172,171,211,215,,,,,,,,,,99999,,,,,,99999,,,,,,99999,,,,,,4,,,,333,322,,,,,,333,,,,,,,322,,,,,,,642,608,601,,,
2042_1,115,131,161,171,102,196,,,,,,,,,,,115,131,161,171,,,,,,,,,,,,,102,196,,,,,,,,,,,,,,,99999,,,,,,99999,,,,,,99999,,,,,,3,5,,,,,,,,,,,,,,,,,,,,,,,,601,610,642,,,
2042_2,119,117,124,132,171,104,102,161,,,,,,,,,119,117,124,132,171,,,,,,,,,,,,104,102,161,,,,,,,,,,,,,,99999,,,,,,99999,,,,,,99999,,,,,,5,4,,,335,362,373,,,,,335,362,373,,,,,99999,,,,,,,601,610,642,,,
2043_1,113,112,132,102,195,115,203,172,171,211,217,,,,,,113,112,132,,,,,,,,,,,,,,102,195,115,203,172,171,211,217,,,,,,,,,99999,,,,,,99999,,,,,,99999,,,,,,3,18,,,,,,,,,,,,,,,,,,,,,,,,642,647,601,,,
2043_2,112,113,139,136,131,194,163,164,172,171,213,219,,,,,112,113,139,136,131,,,,,,,,,,,,194,163,164,172,171,213,219,,,,,,,,,,99999,,,,,,99999,,,,,,99999,,,,,,3,19,,,311,341,335,,,,,311,341,335,,,,,99999,,,,,,,642,647,601,,,
2044_1,115,133,196,161,171,212,215,,,,,,,,,,115,133,,,,,,,,,,,,,,,196,161,171,212,215,,,,,,,,,,,,99999,,,,,,99999,,,,,,99999,,,,,,20,,,,,,,,,,,,,,,,,,,,,,,,,621,643,605,,,
2044_2,120,121,134,172,102,161,211,215,,,,,,,,,120,121,134,172,,,,,,,,,,,,,102,161,211,215,,,,,,,,,,,,,99999,,,,,,99999,,,,,,99999,,,,,,3,,,,313,337,333,375,,,,313,337,333,,,,,375,,,,,,,621,643,605,,,
2045_1,113,132,161,220,102,104,171,,,,,,,,,,113,132,161,220,,,,,,,,,,,,,102,104,171,,,,,,,,,,,,,,99999,,,,,,99999,,,,,,99999,,,,,,4,5,,,,,,,,,,,,,,,,,,,,,,,,621,605,,,,
2045_2,131,172,102,119,139,161,,,,,,,,,,,131,172,,,,,,,,,,,,,,,102,119,139,161,,,,,,,,,,,,,99999,,,,,,99999,,,,,,99999,,,,,,4,,,,334,,,,,,,334,,,,,,,99999,,,,,,,621,605,,,,
2046_1,112,115,102,136,131,171,211,,,,,,,,,,112,115,,,,,,,,,,,,,,,102,136,131,171,211,,,,,,,,,,,,99999,,,,,,99999,,,,,,99999,,,,,,4,,,,342,373,,,,,,342,,,,,,,373,,,,,,,643,647,601,606,,
2046_2,112,136,131,171,211,,,,,,,,,,,,112,,,,,,,,,,,,,,,,136,131,171,211,,,,,,,,,,,,,405,,,,,,405,,,,,,99999,,,,,,4,,,,,,,,,,,,,,,,,,,,,,,,,643,647,601,606,,
2047_1,112,119,136,131,102,162,172,179,211,216,,,,,,,112,119,136,131,,,,,,,,,,,,,102,162,172,179,211,216,,,,,,,,,,,99999,,,,,,99999,,,,,,99999,,,,,,3,6,,,338,342,,,,,,338,342,,,,,,99999,,,,,,,601,607,606,642,621,
2047_2,119,115,133,171,172,105,161,211,216,218,,,,,,,119,115,133,171,172,,,,,,,,,,,,105,161,211,216,218,,,,,,,,,,,,403,405,,,,,403,405,,,,,99999,,,,,,8,,,,,,,,,,,,,,,,,,,,,,,,,601,607,606,642,621,
2048_1,112,113,102,136,131,171,,,,,,,,,,,112,113,,,,,,,,,,,,,,,102,136,131,171,,,,,,,,,,,,,99999,,,,,,99999,,,,,,99999,,,,,,4,,,,,,,,,,,,,,,,,,,,,,,,,601,608,,,,
2048_2,112,102,136,131,161,171,211,,,,,,,,,,112,,,,,,,,,,,,,,,,102,136,131,161,171,211,,,,,,,,,,,99999,,,,,,99999,,,,,,99999,,,,,,4,,,,333,373,,,,,,333,,,,,,,373,,,,,,,601,608,,,,
2049_1,113,102,104,136,131,169,171,211,215,,,,,,,,113,,,,,,,,,,,,,,,,102,104,136,131,169,171,211,215,,,,,,,,,99999,,,,,,99999,,,,,,99999,,,,,,3,,,,,,,,,,,,,,,,,,,,,,,,,621,608,601,607,606,
2049_2,131,171,102,112,121,136,161,172,211,215,,,,,,,131,171,,,,,,,,,,,,,,,102,112,121,136,161,172,211,215,,,,,,,,,99999,,,,,,99999,,,,,,99999,,,,,,3,,,,311,333,391,,,,,311,333,,,,,,391,,,,,,,621,608,601,607,606,
2050_1,113,171,102,136,,,,,,,,,,,,,113,171,,,,,,,,,,,,,,,102,136,,,,,,,,,,,,,,,434,,,,,,434,,,,,,99999,,,,,,4,,,,,,,,,,,,,,,,,,,,,,,,,721,602,,,,
2050_2,112,115,132,182,102,104,161,176,172,,,,,,,,112,115,132,182,,,,,,,,,,,,,102,104,161,176,172,,,,,,,,,,,,99999,,,,,,99999,,,,,,99999,,,,,,4,5,,,335,371,,,,,,335,371,,,,,,99999,,,,,,,721,602,,,,
2051_1,102,112,138,203,171,211,215,,,,,,,,,,102,112,138,,,,,,,,,,,,,,203,171,211,215,,,,,,,,,,,,,99999,,,,,,99999,,,,,,99999,,,,,,4,5,,,373,376,381,,,,,373,376,,,,,,381,,,,,,,601,607,608,,,
2051_2,102,131,112,161,216,,,,,,,,,,,,102,131,,,,,,,,,,,,,,,112,161,216,,,,,,,,,,,,,,421,,,,,,421,,,,,,99999,,,,,,4,,,,,,,,,,,,,,,,,,,,,,,,,601,607,608,,,
2052_1,113,125,132,103,161,172,171,213,216,217,,,,,,,113,125,132,,,,,,,,,,,,,,103,161,172,171,213,216,217,,,,,,,,,,99999,,,,,,99999,,,,,,99999,,,,,,3,5,20,,314,338,342,381,,,,314,338,342,381,,,,99999,,,,,,,621,610,,,,
2052_2,103,117,114,125,132,161,172,216,,,,,,,,,103,117,114,125,,,,,,,,,,,,,132,161,172,216,,,,,,,,,,,,,512,405,403,,,,512,405,403,,,,99999,,,,,,16,,,,,,,,,,,,,,,,,,,,,,,,,621,610,,,,
2053_1,136,171,,,,,,,,,,,,,,,136,,,,,,,,,,,,,,,,171,,,,,,,,,,,,,,,,513,402,404,,,,513,402,404,,,,99999,,,,,,4,,,,,,,,,,,,,,,,,,,,,,,,,601,606,607,621,,
2053_2,111,132,102,203,172,171,,,,,,,,,,,111,132,,,,,,,,,,,,,,,102,203,172,171,,,,,,,,,,,,,99999,,,,,,99999,,,,,,99999,,,,,,4,5,,,311,335,,,,,,311,335,,,,,,99999,,,,,,,601,606,607,621,,
2054_1,102,132,137,161,211,215,,,,,,,,,,,102,132,137,,,,,,,,,,,,,,161,211,215,,,,,,,,,,,,,,511,422,403,,,,511,422,,,,,403,,,,,,3,,,,,,,,,,,,,,,,,,,,,,,,,628,601,607,606,,
2054_2,113,112,132,136,171,102,137,162,172,211,215,,,,,,113,112,132,136,171,,,,,,,,,,,,102,137,162,172,211,215,,,,,,,,,,,99999,,,,,,99999,,,,,,99999,,,,,,4,,,,318,374,338,376,391,,,318,374,,,,,,338,376,391,,,,,628,601,607,606,,
2055_1,112,138,171,172,102,162,168,163,211,215,,,,,,,112,138,171,172,,,,,,,,,,,,,102,162,168,163,211,215,,,,,,,,,,,99999,,,,,,99999,,,,,,99999,,,,,,3,2,,,319,320,321,338,333,,,319,320,321,338,333,,,99999,,,,,,,610,647,642,,,
2055_2,103,172,171,213,216,,,,,,,,,,,,103,,,,,,,,,,,,,,,,172,171,213,216,,,,,,,,,,,,,514,515,403,413,,,514,515,403,,,,413,,,,,,20,2,,,,,,,,,,,,,,,,,,,,,,,,610,647,642,,,
2056_1,131,171,113,161,,,,,,,,,,,,,131,171,,,,,,,,,,,,,,,113,161,,,,,,,,,,,,,,,404,407,,,,,404,407,,,,,99999,,,,,,4,,,,,,,,,,,,,,,,,,,,,,,,,721,642,,,,
2056_2,106,112,126,131,136,161,172,171,,,,,,,,,106,112,126,,,,,,,,,,,,,,131,136,161,172,171,,,,,,,,,,,,99999,,,,,,99999,,,,,,99999,,,,,,8,,,,337,343,,,,,,337,343,,,,,,99999,,,,,,,721,642,,,,
2057_1,102,,,,,,,,,,,,,,,,102,,,,,,,,,,,,,,,,99999,,,,,,,,,,,,,,,,511,403,401,414,422,436,511,403,401,,,,414,422,436,,,,3,,,,,,,,,,,,,,,,,,,,,,,,,601,607,621,,,
2057_2,102,136,131,171,112,120,161,172,212,215,,,,,,,102,136,131,171,,,,,,,,,,,,,112,120,161,172,212,215,,,,,,,,,,,99999,,,,,,99999,,,,,,99999,,,,,,3,,,,318,338,336,374,364,382,,318,338,336,374,,,,364,382,,,,,,601,607,621,,,
2058_1,113,119,136,139,172,171,211,216,,,,,,,,,113,119,136,139,,,,,,,,,,,,,172,171,211,216,,,,,,,,,,,,,502,401,,,,,502,401,,,,,99999,,,,,,4,2,,,,,,,,,,,,,,,,,,,,,,,,621,610,,,,
2058_2,107,117,119,136,139,132,161,172,171,211,216,,,,,,107,117,119,136,139,132,161,,,,,,,,,,172,171,211,216,,,,,,,,,,,,,99999,,,,,,99999,,,,,,99999,,,,,,23,2,12,,302,335,,,,,,302,335,,,,,,99999,,,,,,,621,610,,,,
2059_1,136,171,176,102,113,,,,,,,,,,,,136,171,176,,,,,,,,,,,,,,102,113,,,,,,,,,,,,,,,401,,,,,,401,,,,,,99999,,,,,,4,,,,,,,,,,,,,,,,,,,,,,,,,601,606,607,,,
2059_2,139,136,138,171,172,102,112,,,,,,,,,,139,136,138,171,172,,,,,,,,,,,,102,112,,,,,,,,,,,,,,,99999,,,,,,99999,,,,,,99999,,,,,,4,,,,334,341,381,,,,,334,341,,,,,,381,,,,,,,601,606,607,,,
2060_1,102,137,211,215,,,,,,,,,,,,,102,,,,,,,,,,,,,,,,137,211,215,,,,,,,,,,,,,,402,404,426,513,422,,402,404,426,,,,513,422,,,,,3,,,,,,,,,,,,,,,,,,,,,,,,,642,601,607,606,,
2060_2,112,115,131,136,171,102,161,172,211,216,,,,,,,112,115,131,136,171,,,,,,,,,,,,102,161,172,211,216,,,,,,,,,,,,99999,,,,,,99999,,,,,,99999,,,,,,3,5,,,311,333,337,371,374,,,311,333,337,,,,,371,374,,,,,,642,601,607,606,,
2061_1,112,113,171,102,144,161,,,,,,,,,,,112,113,171,,,,,,,,,,,,,,102,144,161,,,,,,,,,,,,,,99999,,,,,,99999,,,,,,99999,,,,,,4,,,,,,,,,,,,,,,,,,,,,,,,,602,642,,,,
2061_2,112,119,149,171,102,162,,,,,,,,,,,112,119,149,171,,,,,,,,,,,,,102,162,,,,,,,,,,,,,,,99999,,,,,,99999,,,,,,99999,,,,,,4,,,,337,335,,,,,,337,335,,,,,,99999,,,,,,,602,642,,,,
2062_1,106,112,131,161,168,172,171,216,,,,,,,,,106,112,,,,,,,,,,,,,,,131,161,168,172,171,216,,,,,,,,,,,511,404,406,437,,,511,404,406,,,,437,,,,,,18,,,,,,,,,,,,,,,,,,,,,,,,,612,642,,,,
2062_2,102,103,119,124,117,112,131,136,139,203,172,213,216,217,,,102,103,119,124,117,112,,,,,,,,,,,131,136,139,203,172,213,216,217,,,,,,,,,99999,,,,,,99999,,,,,,99999,,,,,,3,20,,,318,315,312,313,337,341,375,318,315,312,313,337,341,,375,,,,,,,612,642,,,,
2063_1,102,131,171,178,115,136,162,172,211,215,,,,,,,102,131,171,178,,,,,,,,,,,,,115,136,162,172,211,215,,,,,,,,,,,408,,,,,,408,,,,,,99999,,,,,,3,,,,,,,,,,,,,,,,,,,,,,,,,601,607,608,,,
2063_2,112,131,139,171,102,125,136,137,162,172,211,215,,,,,112,131,139,171,,,,,,,,,,,,,102,125,136,137,162,172,211,215,,,,,,,,,99999,,,,,,99999,,,,,,99999,,,,,,3,,,,317,314,341,333,,,,317,314,341,333,,,,99999,,,,,,,601,607,608,,,
2064_1,112,131,102,196,168,172,171,211,216,217,,,,,,,112,131,,,,,,,,,,,,,,,102,196,168,172,171,211,216,217,,,,,,,,,99999,,,,,,99999,,,,,,99999,,,,,,3,2,24,,342,338,365,,,,,342,338,,,,,,365,,,,,,,627,612,601,610,,
2064_2,101,112,131,170,161,172,211,216,,,,,,,,,101,112,,,,,,,,,,,,,,,131,170,161,172,211,216,,,,,,,,,,,405,403,512,,,,405,403,,,,,512,,,,,,2,6,,,,,,,,,,,,,,,,,,,,,,,,627,612,601,610,,
2065_1,119,136,131,161,171,,,,,,,,,,,,119,136,131,,,,,,,,,,,,,,161,171,,,,,,,,,,,,,,,99999,,,,,,99999,,,,,,99999,,,,,,4,,,,,,,,,,,,,,,,,,,,,,,,,642,601,607,606,602,
2065_2,108,119,112,132,136,172,171,211,182,,,,,,,,108,119,112,132,136,,,,,,,,,,,,172,171,211,182,,,,,,,,,,,,,99999,,,,,,99999,,,,,,99999,,,,,,25,,,,334,337,341,,,,,334,337,341,,,,,99999,,,,,,,642,601,607,606,602,
2066_1,113,112,129,138,171,178,197,102,166,211,215,,,,,,113,112,129,138,171,178,,,,,,,,,,,197,102,166,211,215,,,,,,,,,,,,99999,,,,,,99999,,,,,,99999,,,,,,3,,,,319,320,342,,,,,319,320,342,,,,,99999,,,,,,,621,601,607,642,,
2066_2,106,138,132,171,172,114,113,161,211,215,,,,,,,106,138,132,171,172,,,,,,,,,,,,114,113,161,211,215,,,,,,,,,,,,516,515,405,,,,516,515,405,,,,99999,,,,,,5,8,,,,,,,,,,,,,,,,,,,,,,,,621,601,607,642,,
2068_1,113,138,102,161,171,,,,,,,,,,,,113,138,,,,,,,,,,,,,,,102,161,171,,,,,,,,,,,,,,99999,,,,,,99999,,,,,,99999,,,,,,4,,,,314,344,348,,,,,314,344,348,,,,,99999,,,,,,,601,606,607,,,
2068_2,124,117,131,136,102,171,,,,,,,,,,,124,117,131,136,,,,,,,,,,,,,102,171,,,,,,,,,,,,,,,407,,,,,,407,,,,,,99999,,,,,,4,,,,,,,,,,,,,,,,,,,,,,,,,601,606,607,,,
2069_1,124,117,113,171,131,161,211,215,,,,,,,,,124,117,113,171,,,,,,,,,,,,,131,161,211,215,,,,,,,,,,,,,502,,,,,,502,,,,,,99999,,,,,,35,3,2,,,,,,,,,,,,,,,,,,,,,,,601,609,607,642,,
2069_2,102,107,124,117,119,132,161,172,171,213,216,,,,,,102,107,124,117,119,,,,,,,,,,,,132,161,172,171,213,216,,,,,,,,,,,99999,,,,,,99999,,,,,,99999,,,,,,3,19,2,,302,341,335,,,,,302,341,335,,,,,99999,,,,,,,601,609,607,642,,
2070_1,171,172,104,117,215,,,,,,,,,,,,171,172,,,,,,,,,,,,,,,104,117,215,,,,,,,,,,,,,,404,423,406,436,,,404,423,,,,,406,436,,,,,5,,,,,,,,,,,,,,,,,,,,,,,,,621,607,606,643,648,
2070_2,124,117,147,139,196,102,131,166,171,211,215,182,,,,,124,117,147,139,,,,,,,,,,,,,196,102,131,166,171,211,215,182,,,,,,,,,99999,,,,,,99999,,,,,,99999,,,,,,6,4,,,311,337,341,373,382,391,,311,337,341,,,,,373,382,391,,,,,621,607,606,643,648,
2071_1,138,137,102,162,,,,,,,,,,,,,138,137,,,,,,,,,,,,,,,102,162,,,,,,,,,,,,,,,422,,,,,,422,,,,,,99999,,,,,,4,,,,,,,,,,,,,,,,,,,,,,,,,621,601,606,607,,
2071_2,112,124,117,132,136,171,102,211,,,,,,,,,112,124,117,132,136,171,,,,,,,,,,,102,211,,,,,,,,,,,,,,,99999,,,,,,99999,,,,,,99999,,,,,,4,,,,312,371,,,,,,312,371,,,,,,99999,,,,,,,621,601,606,607,,
2072_1,113,147,131,102,201,171,211,215,,,,,,,,,113,147,131,,,,,,,,,,,,,,102,201,171,211,215,,,,,,,,,,,,99999,,,,,,99999,,,,,,99999,,,,,,3,,,,,,,,,,,,,,,,,,,,,,,,,607,606,601,641,,
2072_2,122,150,102,161,171,172,211,215,,,,,,,,,122,150,,,,,,,,,,,,,,,102,161,171,172,211,215,,,,,,,,,,,99999,,,,,,99999,,,,,,99999,,,,,,3,20,,,334,373,377,,,,,334,373,,,,,,377,,,,,,,607,606,601,641,,
2073_1,138,171,172,102,195,112,119,161,211,216,,,,,,,138,171,172,,,,,,,,,,,,,,102,195,112,119,161,211,216,,,,,,,,,,99999,,,,,,99999,,,,,,99999,,,,,,3,18,,,303,338,342,,,,,303,338,342,,,,,99999,,,,,,,608,610,,,,
2073_2,117,124,112,131,161,172,216,217,,,,,,,,,117,124,112,131,,,,,,,,,,,,,161,172,216,217,,,,,,,,,,,,,501,403,405,413,,,501,403,405,413,,,99999,,,,,,22,,,,,,,,,,,,,,,,,,,,,,,,,608,610,,,,
2074_1,115,138,102,112,136,161,171,,,,,,,,,,115,138,,,,,,,,,,,,,,,102,112,136,161,171,,,,,,,,,,,,99999,,,,,,99999,,,,,,99999,,,,,,4,,,,,,,,,,,,,,,,,,,,,,,,,624,642,,,,
2074_2,112,115,131,133,136,102,161,171,,,,,,,,,112,115,131,133,136,,,,,,,,,,,,102,161,171,,,,,,,,,,,,,,99999,,,,,,99999,,,,,,99999,,,,,,4,5,,,311,335,334,,,,,311,335,334,,,,,99999,,,,,,,624,642,,,,
2075_1,106,172,,,,,,,,,,,,,,,106,,,,,,,,,,,,,,,,172,,,,,,,,,,,,,,,,513,511,404,435,415,436,513,511,404,435,,,415,436,,,,,26,,,,,,,,,,,,,,,,,,,,,,,,,642,601,,,,
2075_2,117,124,112,151,101,131,163,172,171,211,216,,,,,,117,124,112,151,,,,,,,,,,,,,101,131,163,172,171,211,216,,,,,,,,,,99999,,,,,,99999,,,,,,99999,,,,,,34,27,,,331,347,346,351,337,311,,331,347,346,351,337,,,311,,,,,,,642,601,,,,
2100_1,105,136,131,172,171,211,216,,,,,,,,,,105,,,,,,,,,,,,,,,,136,131,172,171,211,216,,,,,,,,,,,511,409,410,,,,511,409,410,,,,99999,,,,,,6,,,,,,,,,,,,,,,,,,,,,,,,,610,,,,,
2100_2,171,172,196,112,119,139,131,161,166,213,216,,,,,,171,172,,,,,,,,,,,,,,,196,112,119,139,131,161,166,213,216,,,,,,,,99999,,,,,,99999,,,,,,99999,,,,,,6,3,,,318,341,352,,,,,318,341,352,,,,,99999,,,,,,,610,,,,,
