RESPONDENTID,Main_P1a_Ly_do_thich_Total_OE_1,Main_P1a_Ly_do_thich_Total_OE_2,Main_P1a_Ly_do_thich_Total_OE_3,Main_P1a_Ly_do_thich_Total_OE_4,Main_P1a_Ly_do_thich_Total_OE_5,Main_P1a_Ly_do_thich_Total_OE_6,Main_P1a_Ly_do_thich_Total_OE_7,Main_P1a_Ly_do_thich_Total_OE_8,Main_P1a_Ly_do_thich_Total_OE_9,Main_P1a_Ly_do_thich_Total_OE_10,Main_P1a_Ly_do_thich_Total_OE_11,Main_P1a_Ly_do_thich_Total_OE_12,Main_P1a_Ly_do_thich_Total_OE_13,Main_P1a_Ly_do_thich_Y1_OE_1,Main_P1a_Ly_do_thich_Y1_OE_2,Main_P1a_Ly_do_thich_Y1_OE_3,Main_P1a_Ly_do_thich_Y1_OE_4,Main_P1a_Ly_do_thich_Y1_OE_5,Main_P1a_Ly_do_thich_Y1_OE_6,Main_P1a_Ly_do_thich_Y1_OE_7,Main_P1a_Ly_do_thich_Y1_OE_8,Main_P1a_Ly_do_thich_Y1_OE_9,Main_P1a_Ly_do_thich_Y1_OE_10,Main_P1a_Ly_do_thich_Y1_OE_11,Main_P1a_Ly_do_thich_Y1_OE_12,Main_P1a_Ly_do_thich_Y1_OE_13,Main_P1a_Ly_do_thich_Y2_OE_1,Main_P1a_Ly_do_thich_Y2_OE_2,Main_P1a_Ly_do_thich_Y2_OE_3,Main_P1a_Ly_do_thich_Y2_OE_4,Main_P1a_Ly_do_thich_Y2_OE_5,Main_P1a_Ly_do_thich_Y2_OE_6,Main_P1a_Ly_do_thich_Y2_OE_7,Main_P1a_Ly_do_thich_Y2_OE_8,Main_P1a_Ly_do_thich_Y2_OE_9,Main_P1a_Ly_do_thich_Y2_OE_10,Main_P1a_Ly_do_thich_Y2_OE_11,Main_P1a_Ly_do_thich_Y2_OE_12,Main_P1a_Ly_do_thich_Y2_OE_13,Main_P1b_Ly_do_khong_thich_Total_OE_1,Main_P1b_Ly_do_khong_thich_Total_OE_2,Main_P1b_Ly_do_khong_thich_Total_OE_3,Main_P1b_Ly_do_khong_thich_Total_OE_4,Main_P1b_Ly_do_khong_thich_Total_OE_5,Main_P1b_Ly_do_khong_thich_Total_OE_6,Main_P1b_Ly_do_khong_thich_Total_OE_7,Main_P1b_Ly_do_khong_thich_Y1_OE_1,Main_P1b_Ly_do_khong_thich_Y1_OE_2,Main_P1b_Ly_do_khong_thich_Y1_OE_3,Main_P1b_Ly_do_khong_thich_Y1_OE_4,Main_P1b_Ly_do_khong_thich_Y1_OE_5,Main_P1b_Ly_do_khong_thich_Y1_OE_6,Main_P1b_Ly_do_khong_thich_Y1_OE_7,Main_P1b_Ly_do_khong_thich_Y2_OE_1,Main_P1b_Ly_do_khong_thich_Y2_OE_2,Main_P1b_Ly_do_khong_thich_Y2_OE_3,Main_P1b_Ly_do_khong_thich_Y2_OE_4,Main_P1b_Ly_do_khong_thich_Y2_OE_5,Main_P1b_Ly_do_khong_thich_Y2_OE_6,Main_P1b_Ly_do_khong_thich_Y2_OE_7,Main_P100_OE_Ly_do_thich_hon_Total_OE_1,Main_P100_OE_Ly_do_thich_hon_Total_OE_2,Main_P100_OE_Ly_do_thich_hon_Total_OE_3,Main_P100_OE_Ly_do_thich_hon_Total_OE_4,Main_P100_OE_Ly_do_thich_hon_Total_OE_5,Main_P100_OE_Ly_do_thich_hon_Total_OE_6,Main_P100_OE_Ly_do_thich_hon_Total_OE_7,Main_P100_OE_Ly_do_thich_hon_Total_OE_8,Main_P100_OE_Ly_do_thich_hon_Total_OE_9,Main_P100_OE_Ly_do_thich_hon_Total_OE_10,Main_P100_OE_Ly_do_thich_hon_Total_OE_11,Main_P100_OE_Ly_do_thich_hon_Y1_OE_1,Main_P100_OE_Ly_do_thich_hon_Y1_OE_2,Main_P100_OE_Ly_do_thich_hon_Y1_OE_3,Main_P100_OE_Ly_do_thich_hon_Y1_OE_4,Main_P100_OE_Ly_do_thich_hon_Y1_OE_5,Main_P100_OE_Ly_do_thich_hon_Y1_OE_6,Main_P100_OE_Ly_do_thich_hon_Y1_OE_7,Main_P100_OE_Ly_do_thich_hon_Y1_OE_8,Main_P100_OE_Ly_do_thich_hon_Y1_OE_9,Main_P100_OE_Ly_do_thich_hon_Y1_OE_10,Main_P100_OE_Ly_do_thich_hon_Y1_OE_11,Main_P100_OE_Ly_do_thich_hon_Y2_OE_1,Main_P100_OE_Ly_do_thich_hon_Y2_OE_2,Main_P100_OE_Ly_do_thich_hon_Y2_OE_3,Main_P100_OE_Ly_do_thich_hon_Y2_OE_4,Main_P100_OE_Ly_do_thich_hon_Y2_OE_5,Main_P100_OE_Ly_do_thich_hon_Y2_OE_6,Main_P100_OE_Ly_do_thich_hon_Y2_OE_7,Main_P100_OE_Ly_do_thich_hon_Y2_OE_8,Main_P100_OE_Ly_do_thich_hon_Y2_OE_9,Main_P100_OE_Ly_do_thich_hon_Y2_OE_10,Main_P100_OE_Ly_do_thich_hon_Y2_OE_11
1001_1,121,112,131,118,141,139,161,171,98,,,,,121,,,,,,,,,,,,,112,131,118,141,139,161,171,98,,,,,,99999,,,,,,,99999,,,,,,,99999,,,,,,,,,,,,,,,,,,,,,,,,,,,,,,,,,,,,,,,
1001_2,118,115,101,126,141,168,161,171,,,,,,118,,,,,,,,,,,,,115,101,126,141,168,161,171,,,,,,,99999,,,,,,,99999,,,,,,,99999,,,,,,,,,,,,,,,,,,,,,,,,,,,,,,,,,,,,,,,
1002_1,116,122,155,,,,,,,,,,,116,122,,,,,,,,,,,,155,,,,,,,,,,,,,99999,,,,,,,99999,,,,,,,99999,,,,,,,,,,,,,,,,,,,,,,,,,,,,,,,,,,,,,,,
1002_2,124,142,171,,,,,,,,,,,124,,,,,,,,,,,,,124,142,171,,,,,,,,,,,99999,,,,,,,99999,,,,,,,99999,,,,,,,,,,,,,,,,,,,,,,,,,,,,,,,,,,,,,,,
1003_1,118,120,129,130,139,,,,,,,,,118,120,,,,,,,,,,,,129,130,139,,,,,,,,,,,422,443,444,,,,,422,443,444,,,,,99999,,,,,,,,,,,,,,,,,,,,,,,,,,,,,,,,,,,,,,,
1003_2,116,120,147,141,171,174,,,,,,,,116,120,,,,,,,,,,,,147,141,171,174,,,,,,,,,,443,415,,,,,,443,,,,,,,415,,,,,,,,,,,,,,,,,,,,,,,,,,,,,,,,,,,,,,,
1004_1,99999,,,,,,,,,,,,,99999,,,,,,,,,,,,,99999,,,,,,,,,,,,,442,401,411,418,433,452,457,442,,,,,,,401,411,418,433,452,457,,,,,,,,,,,,,,,,,,,,,,,,,,,,,,,,,,
1004_2,124,105,171,174,,,,,,,,,,124,,,,,,,,,,,,,105,171,174,,,,,,,,,,,99999,,,,,,,99999,,,,,,,99999,,,,,,,,,,,,,,,,,,,,,,,,,,,,,,,,,,,,,,,
1005_1,159,139,171,177,,,,,,,,,,159,,,,,,,,,,,,,139,171,177,,,,,,,,,,,411,,,,,,,411,,,,,,,99999,,,,,,,528,475,494,,,,,,,,,528,,,,,,,,,,,475,494,,,,,,,,,
1005_2,159,177,,,,,,,,,,,,159,,,,,,,,,,,,,177,,,,,,,,,,,,,413,404,408,461,452,,,413,,,,,,,404,408,461,452,,,,,,,,,,,,,,,,,,,,,,,,,,,,,,,,,,,,
1006_1,125,174,,,,,,,,,,,,125,,,,,,,,,,,,,174,,,,,,,,,,,,,442,411,452,,,,,442,,,,,,,411,452,,,,,,,,,,,,,,,,,,,,,,,,,,,,,,,,,,,,,,
1006_2,174,181,128,140,141,,,,,,,,,174,,,,,,,,,,,,,181,128,140,141,,,,,,,,,,442,452,,,,,,442,,,,,,,452,,,,,,,473,474,545,,,,,,,,,473,474,,,,,,,,,,545,,,,,,,,,,
1007_1,117,122,104,141,193,159,171,174,202,,,,,117,122,,,,,,,,,,,,104,141,193,159,171,174,202,,,,,,,99999,,,,,,,99999,,,,,,,99999,,,,,,,488,470,546,536,,,,,,,,488,470,,,,,,,,,,546,536,,,,,,,,,
1007_2,99999,,,,,,,,,,,,,99999,,,,,,,,,,,,,99999,,,,,,,,,,,,,401,402,411,435,463,452,,401,402,,,,,,411,435,463,452,,,,,,,,,,,,,,,,,,,,,,,,,,,,,,,,,,,,
1008_1,116,112,152,153,,,,,,,,,,116,,,,,,,,,,,,,112,152,153,,,,,,,,,,,442,,,,,,,442,,,,,,,99999,,,,,,,,,,,,,,,,,,,,,,,,,,,,,,,,,,,,,,,
1008_2,124,141,139,159,162,171,,,,,,,,124,,,,,,,,,,,,,141,139,159,162,171,,,,,,,,,99999,,,,,,,99999,,,,,,,99999,,,,,,,528,503,537,,,,,,,,,528,,,,,,,,,,,503,537,,,,,,,,,
1009_1,117,182,141,159,162,171,,,,,,,,117,,,,,,,,,,,,,182,141,159,162,171,,,,,,,,,99999,,,,,,,99999,,,,,,,99999,,,,,,,491,510,528,,,,,,,,,491,,,,,,,,,,,510,528,,,,,,,,,
1009_2,100,118,139,162,,,,,,,,,,100,,,,,,,,,,,,,118,139,162,,,,,,,,,,,99999,,,,,,,99999,,,,,,,99999,,,,,,,,,,,,,,,,,,,,,,,,,,,,,,,,,,,,,,,
1010_1,174,102,117,121,189,139,141,163,159,171,,,,174,,,,,,,,,,,,,102,117,121,189,139,141,163,159,171,,,,,99999,,,,,,,99999,,,,,,,99999,,,,,,,494,510,512,,,,,,,,,494,,,,,,,,,,,510,512,,,,,,,,,
1010_2,174,189,157,165,159,,,,,,,,,174,,,,,,,,,,,,,189,157,165,159,,,,,,,,,,413,465,,,,,,413,,,,,,,465,,,,,,,,,,,,,,,,,,,,,,,,,,,,,,,,,,,,,,,
1011_1,99999,,,,,,,,,,,,,99999,,,,,,,,,,,,,99999,,,,,,,,,,,,,413,438,442,452,457,,,413,,,,,,,438,442,452,457,,,,,,,,,,,,,,,,,,,,,,,,,,,,,,,,,,,,
1011_2,121,183,142,159,171,,,,,,,,,121,,,,,,,,,,,,,183,142,159,171,,,,,,,,,,99999,,,,,,,99999,,,,,,,99999,,,,,,,494,528,,,,,,,,,,494,,,,,,,,,,,528,,,,,,,,,,
1012_1,122,115,189,118,155,165,159,171,,,,,,122,,,,,,,,,,,,,115,189,118,155,165,159,171,,,,,,,99999,,,,,,,99999,,,,,,,99999,,,,,,,,,,,,,,,,,,,,,,,,,,,,,,,,,,,,,,,
1012_2,139,107,103,124,189,194,159,171,,,,,,139,,,,,,,,,,,,,107,103,124,189,194,159,171,,,,,,,99999,,,,,,,99999,,,,,,,99999,,,,,,,510,512,496,528,,,,,,,,510,512,,,,,,,,,,496,528,,,,,,,,,
1013_1,159,101,140,,,,,,,,,,,159,,,,,,,,,,,,,101,140,,,,,,,,,,,,411,,,,,,,411,,,,,,,99999,,,,,,,,,,,,,,,,,,,,,,,,,,,,,,,,,,,,,,,
1013_2,101,118,121,139,140,159,98,,,,,,,101,,,,,,,,,,,,,118,121,139,140,159,98,,,,,,,,99999,,,,,,,99999,,,,,,,99999,,,,,,,492,467,,,,,,,,,,492,,,,,,,,,,,467,,,,,,,,,,
1014_1,159,112,116,122,139,141,161,,,,,,,159,,,,,,,,,,,,,112,116,122,139,141,161,,,,,,,,99999,,,,,,,99999,,,,,,,99999,,,,,,,488,496,510,512,,,,,,,,488,,,,,,,,,,,496,510,512,,,,,,,,
1014_2,159,160,161,118,122,128,171,178,,,,,,159,160,161,,,,,,,,,,,118,122,128,171,178,,,,,,,,,400,408,433,,,,,400,408,,,,,,433,,,,,,,,,,,,,,,,,,,,,,,,,,,,,,,,,,,,,,,
1015_1,159,103,133,195,171,,,,,,,,,159,,,,,,,,,,,,,103,133,195,171,,,,,,,,,,99999,,,,,,,99999,,,,,,,99999,,,,,,,537,470,497,510,528,,,,,,,537,,,,,,,,,,,470,497,510,528,,,,,,,
1015_2,159,100,136,196,171,,,,,,,,,159,,,,,,,,,,,,,100,136,196,171,,,,,,,,,,99999,,,,,,,99999,,,,,,,99999,,,,,,,,,,,,,,,,,,,,,,,,,,,,,,,,,,,,,,,
1016_1,117,121,102,152,153,159,171,,,,,,,117,121,,,,,,,,,,,,102,152,153,159,171,,,,,,,,,99999,,,,,,,99999,,,,,,,99999,,,,,,,494,510,512,,,,,,,,,494,,,,,,,,,,,510,512,,,,,,,,,
1016_2,99999,,,,,,,,,,,,,99999,,,,,,,,,,,,,99999,,,,,,,,,,,,,400,413,,,,,,400,,,,,,,413,,,,,,,,,,,,,,,,,,,,,,,,,,,,,,,,,,,,,,,
1017_1,122,152,153,159,,,,,,,,,,122,,,,,,,,,,,,,152,153,159,,,,,,,,,,,99999,,,,,,,99999,,,,,,,99999,,,,,,,494,488,,,,,,,,,,494,,,,,,,,,,,488,,,,,,,,,,
1017_2,159,121,,,,,,,,,,,,159,,,,,,,,,,,,,121,,,,,,,,,,,,,400,,,,,,,400,,,,,,,99999,,,,,,,,,,,,,,,,,,,,,,,,,,,,,,,,,,,,,,,
1018_1,159,130,,,,,,,,,,,,159,,,,,,,,,,,,,130,,,,,,,,,,,,,415,402,461,,,,,415,,,,,,,402,461,,,,,,,,,,,,,,,,,,,,,,,,,,,,,,,,,,,,,,
1018_2,159,104,128,120,129,190,139,147,177,,,,,159,,,,,,,,,,,,,104,128,120,129,190,139,147,177,,,,,,454,452,,,,,,454,,,,,,,452,,,,,,,502,470,546,,,,,,,,,502,,,,,,,,,,,470,546,,,,,,,,,
1019_1,139,109,119,121,159,160,171,201,177,,,,,139,,,,,,,,,,,,,109,119,121,159,160,171,201,177,,,,,,99999,,,,,,,99999,,,,,,,99999,,,,,,,,,,,,,,,,,,,,,,,,,,,,,,,,,,,,,,,
1019_2,124,111,139,159,160,171,201,,,,,,,124,,,,,,,,,,,,,111,139,159,160,171,201,,,,,,,,99999,,,,,,,99999,,,,,,,99999,,,,,,,491,493,477,516,,,,,,,,491,493,,,,,,,,,,477,516,,,,,,,,,
1020_1,133,112,141,159,160,171,,,,,,,,133,,,,,,,,,,,,,112,141,159,160,171,,,,,,,,,99999,,,,,,,99999,,,,,,,99999,,,,,,,528,530,506,,,,,,,,,528,530,,,,,,,,,,506,,,,,,,,,,
1020_2,118,110,156,159,171,,,,,,,,,118,,,,,,,,,,,,,110,156,159,171,,,,,,,,,,99999,,,,,,,99999,,,,,,,99999,,,,,,,,,,,,,,,,,,,,,,,,,,,,,,,,,,,,,,,
1021_1,124,146,139,141,159,174,203,,,,,,,124,,,,,,,,,,,,,146,139,141,159,174,203,,,,,,,,99999,,,,,,,99999,,,,,,,99999,,,,,,,,,,,,,,,,,,,,,,,,,,,,,,,,,,,,,,,
1021_2,140,141,190,138,122,118,162,,,,,,,140,141,,,,,,,,,,,,190,138,122,118,162,,,,,,,,,99999,,,,,,,99999,,,,,,,99999,,,,,,,498,547,,,,,,,,,,498,,,,,,,,,,,547,,,,,,,,,,
1022_1,141,139,159,,,,,,,,,,,141,139,,,,,,,,,,,,159,,,,,,,,,,,,,99999,,,,,,,99999,,,,,,,99999,,,,,,,491,,,,,,,,,,,491,,,,,,,,,,,,,,,,,,,,,
1022_2,141,117,159,,,,,,,,,,,141,,,,,,,,,,,,,117,159,,,,,,,,,,,,99999,,,,,,,99999,,,,,,,99999,,,,,,,,,,,,,,,,,,,,,,,,,,,,,,,,,,,,,,,
1023_1,159,101,118,121,142,171,,,,,,,,159,,,,,,,,,,,,,101,118,121,142,171,,,,,,,,,99999,,,,,,,99999,,,,,,,99999,,,,,,,,,,,,,,,,,,,,,,,,,,,,,,,,,,,,,,,
1023_2,159,109,118,121,152,171,,,,,,,,159,,,,,,,,,,,,,109,118,121,152,171,,,,,,,,,99999,,,,,,,99999,,,,,,,99999,,,,,,,510,503,528,,,,,,,,,510,,,,,,,,,,,503,528,,,,,,,,,
1024_1,101,112,119,122,146,168,171,201,174,,,,,101,112,,,,,,,,,,,,119,122,146,168,171,201,174,,,,,,,416,,,,,,,416,,,,,,,99999,,,,,,,494,467,518,541,,,,,,,,494,,,,,,,,,,,467,518,541,,,,,,,,
1024_2,174,122,153,168,159,,,,,,,,,174,,,,,,,,,,,,,122,153,168,159,,,,,,,,,,411,400,415,,,,,411,,,,,,,400,415,,,,,,,,,,,,,,,,,,,,,,,,,,,,,,,,,,,,,,
1025_1,139,141,108,121,159,178,177,,,,,,,139,141,,,,,,,,,,,,108,121,139,159,178,177,,,,,,,,452,,,,,,,452,,,,,,,99999,,,,,,,,,,,,,,,,,,,,,,,,,,,,,,,,,,,,,,,
1025_2,139,140,141,108,184,127,197,159,171,,,,,139,140,141,,,,,,,,,,,108,184,127,197,159,171,,,,,,,,99999,,,,,,,99999,,,,,,,99999,,,,,,,514,486,537,,,,,,,,,514,,,,,,,,,,,486,537,,,,,,,,,
1026_1,175,162,161,174,176,177,,,,,,,,175,,,,,,,,,,,,,162,161,174,176,177,,,,,,,,,411,416,414,407,452,,,411,416,414,,,,,407,452,,,,,,,,,,,,,,,,,,,,,,,,,,,,,,,,,,,,,,
1026_2,175,109,142,162,,,,,,,,,,175,,,,,,,,,,,,,109,142,162,,,,,,,,,,,411,416,,,,,,411,416,,,,,,99999,,,,,,,480,489,,,,,,,,,,480,489,,,,,,,,,,,,,,,,,,,,
1027_1,112,113,124,162,172,174,,,,,,,,112,113,124,162,172,174,,,,,,,,99999,,,,,,,,,,,,,418,442,,,,,,418,442,,,,,,99999,,,,,,,,,,,,,,,,,,,,,,,,,,,,,,,,,,,,,,,
1027_2,126,128,129,117,159,161,172,,,,,,,126,128,129,117,159,161,172,,,,,,,99999,,,,,,,,,,,,,410,,,,,,,410,,,,,,,99999,,,,,,,498,506,,,,,,,,,,498,506,,,,,,,,,,,,,,,,,,,,
1028_1,118,130,137,134,159,112,142,171,,,,,,118,130,137,134,159,,,,,,,,,112,142,171,,,,,,,,,,,99999,,,,,,,99999,,,,,,,99999,,,,,,,528,488,505,,,,,,,,,528,,,,,,,,,,,488,505,,,,,,,,,
1028_2,117,135,130,134,128,102,139,159,171,,,,,117,135,130,134,128,,,,,,,,,102,139,159,171,,,,,,,,,,99999,,,,,,,99999,,,,,,,99999,,,,,,,,,,,,,,,,,,,,,,,,,,,,,,,,,,,,,,,
1029_1,174,,,,,,,,,,,,,174,,,,,,,,,,,,,99999,,,,,,,,,,,,,411,413,438,442,,,,411,413,,,,,,438,442,,,,,,,,,,,,,,,,,,,,,,,,,,,,,,,,,,,,,,
1029_2,117,121,159,174,108,142,171,,,,,,,117,121,159,174,,,,,,,,,,108,142,171,,,,,,,,,,,99999,,,,,,,99999,,,,,,,99999,,,,,,,494,525,528,538,,,,,,,,494,525,528,,,,,,,,,538,,,,,,,,,,
1030_1,117,130,121,139,163,171,101,159,,,,,,117,130,121,139,163,171,,,,,,,,101,159,,,,,,,,,,,,420,,,,,,,420,,,,,,,99999,,,,,,,492,494,502,,,,,,,,,492,494,502,,,,,,,,,,,,,,,,,,,
1030_2,159,163,101,102,189,141,198,171,,,,,,159,163,,,,,,,,,,,,101,102,189,141,198,171,,,,,,,,411,415,413,436,,,,411,415,413,,,,,436,,,,,,,,,,,,,,,,,,,,,,,,,,,,,,,,,,,,,,,
1031_1,99999,,,,,,,,,,,,,99999,,,,,,,,,,,,,99999,,,,,,,,,,,,,411,,,,,,,411,,,,,,,99999,,,,,,,,,,,,,,,,,,,,,,,,,,,,,,,,,,,,,,,
1031_2,129,,,,,,,,,,,,,129,,,,,,,,,,,,,99999,,,,,,,,,,,,,434,451,,,,,,434,451,,,,,,99999,,,,,,,504,502,,,,,,,,,,504,502,,,,,,,,,,,,,,,,,,,,
1032_1,135,130,134,159,160,103,139,,,,,,,135,130,134,159,160,,,,,,,,,103,139,,,,,,,,,,,,418,,,,,,,418,,,,,,,99999,,,,,,,505,,,,,,,,,,,505,,,,,,,,,,,,,,,,,,,,,
1032_2,135,137,159,160,139,,,,,,,,,135,137,159,160,,,,,,,,,,139,,,,,,,,,,,,,99999,,,,,,,99999,,,,,,,99999,,,,,,,,,,,,,,,,,,,,,,,,,,,,,,,,,,,,,,,
1033_1,125,159,160,,,,,,,,,,,125,159,160,,,,,,,,,,,99999,,,,,,,,,,,,,404,413,455,,,,,404,413,455,,,,,99999,,,,,,,,,,,,,,,,,,,,,,,,,,,,,,,,,,,,,,,
1033_2,122,159,160,,,,,,,,,,,122,159,160,,,,,,,,,,,99999,,,,,,,,,,,,,408,455,452,,,,,408,455,,,,,,408,452,,,,,,494,497,528,530,,,,,,,,494,497,528,530,,,,,,,,99999,,,,,,,,,,
1034_1,136,185,155,159,171,177,,,,,,,,136,,,,,,,,,,,,,185,155,159,171,177,,,,,,,,,99999,,,,,,,99999,,,,,,,99999,,,,,,,491,493,501,503,510,,,,,,,491,493,501,503,,,,,,,,510,,,,,,,,,,
1034_2,117,130,139,159,185,171,177,,,,,,,117,130,139,159,,,,,,,,,,185,171,177,,,,,,,,,,,99999,,,,,,,99999,,,,,,,99999,,,,,,,,,,,,,,,,,,,,,,,,,,,,,,,,,,,,,,,
1035_1,128,117,131,159,,,,,,,,,,128,117,131,159,,,,,,,,,,99999,,,,,,,,,,,,,413,,,,,,,413,,,,,,,99999,,,,,,,492,506,523,528,534,,,,,,,492,506,523,528,534,,,,,,,,,,,,,,,,,
1035_2,118,,,,,,,,,,,,,118,,,,,,,,,,,,,99999,,,,,,,,,,,,,417,442,,,,,,417,442,,,,,,99999,,,,,,,,,,,,,,,,,,,,,,,,,,,,,,,,,,,,,,,
1036_1,171,102,113,,,,,,,,,,,171,,,,,,,,,,,,,102,113,,,,,,,,,,,,411,418,414,442,443,,,411,418,,,,,,414,442,443,,,,,,,,,,,,,,,,,,,,,,,,,,,,,,,,,,,,,
1036_2,118,137,139,141,159,,,,,,,,,118,137,139,141,159,,,,,,,,,99999,,,,,,,,,,,,,408,,,,,,,408,,,,,,,99999,,,,,,,510,491,493,503,528,,,,,,,510,,,,,,,,,,,491,493,503,528,,,,,,,
1037_1,117,121,106,139,162,,,,,,,,,117,121,,,,,,,,,,,,106,139,162,,,,,,,,,,,99999,,,,,,,99999,,,,,,,99999,,,,,,,506,497,,,,,,,,,,506,497,,,,,,,,,,,,,,,,,,,,
1037_2,99999,,,,,,,,,,,,,99999,,,,,,,,,,,,,99999,,,,,,,,,,,,,412,414,408,404,441,442,452,412,414,,,,,,408,404,441,442,452,,,,,,,,,,,,,,,,,,,,,,,,,,,,,,,,,,,
1038_2,99999,,,,,,,,,,,,,99999,,,,,,,,,,,,,99999,,,,,,,,,,,,,99999,,,,,,,99999,,,,,,,99999,,,,,,,492,493,,,,,,,,,,492,493,,,,,,,,,,,,,,,,,,,,
1039_1,118,122,145,159,,,,,,,,,,118,122,145,159,,,,,,,,,,99999,,,,,,,,,,,,,415,,,,,,,415,,,,,,,99999,,,,,,,491,502,494,507,510,512,,,,,,491,502,494,507,510,512,,,,,,,,,,,,,,,,
1039_2,147,159,,,,,,,,,,,,147,159,,,,,,,,,,,,99999,,,,,,,,,,,,,415,412,421,,,,,415,412,421,,,,,99999,,,,,,,,,,,,,,,,,,,,,,,,,,,,,,,,,,,,,,,
1040_1,101,129,130,159,171,201,177,178,,,,,,101,129,130,159,,,,,,,,,,171,201,177,178,,,,,,,,,,413,,,,,,,413,,,,,,,99999,,,,,,,492,538,,,,,,,,,,492,,,,,,,,,,,538,,,,,,,,,,
1040_2,120,,,,,,,,,,,,,120,,,,,,,,,,,,,99999,,,,,,,,,,,,,445,442,,,,,,445,442,,,,,,99999,,,,,,,,,,,,,,,,,,,,,,,,,,,,,,,,,,,,,,,
1041_1,121,139,159,162,,,,,,,,,,121,139,159,162,,,,,,,,,,99999,,,,,,,,,,,,,99999,,,,,,,99999,,,,,,,99999,,,,,,,,,,,,,,,,,,,,,,,,,,,,,,,,,,,,,,,
1041_2,137,117,139,140,159,160,,,,,,,,137,,,,,,,,,,,,,117,139,140,159,160,,,,,,,,,408,,,,,,,408,,,,,,,99999,,,,,,,528,493,516,,,,,,,,,528,,,,,,,,,,,493,516,,,,,,,,,
1042_1,121,118,159,160,101,139,141,171,177,204,,,,121,118,159,160,,,,,,,,,,101,139,141,171,177,204,,,,,,,,418,,,,,,,418,,,,,,,99999,,,,,,,492,528,530,,,,,,,,,492,528,530,,,,,,,,,,,,,,,,,,,
1042_2,136,159,102,152,153,171,204,205,,,,,,136,159,,,,,,,,,,,,102,152,153,171,204,205,,,,,,,,418,,,,,,,418,,,,,,,99999,,,,,,,,,,,,,,,,,,,,,,,,,,,,,,,,,,,,,,,
1043_1,124,141,146,159,171,,,,,,,,,124,141,146,159,171,,,,,,,,,99999,,,,,,,,,,,,,99999,,,,,,,99999,,,,,,,99999,,,,,,,488,472,491,,,,,,,,,488,472,491,,,,,,,,,,,,,,,,,,,
1043_2,124,130,159,,,,,,,,,,,124,130,159,,,,,,,,,,,99999,,,,,,,,,,,,,99999,,,,,,,99999,,,,,,,99999,,,,,,,,,,,,,,,,,,,,,,,,,,,,,,,,,,,,,,,
1044_1,101,136,152,153,159,160,167,171,,,,,,101,136,152,153,159,160,167,,,,,,,171,,,,,,,,,,,,,99999,,,,,,,99999,,,,,,,99999,,,,,,,468,528,530,510,491,494,,,,,,468,528,530,,,,,,,,,510,491,494,,,,,,,,
1044_2,160,176,116,122,139,147,142,171,,,,,,160,176,,,,,,,,,,,,116,122,139,147,142,171,,,,,,,,403,400,,,,,,403,400,,,,,,99999,,,,,,,,,,,,,,,,,,,,,,,,,,,,,,,,,,,,,,,
1045_1,117,121,159,160,112,139,141,,,,,,,117,121,159,160,,,,,,,,,,112,139,141,,,,,,,,,,,99999,,,,,,,99999,,,,,,,99999,,,,,,,,,,,,,,,,,,,,,,,,,,,,,,,,,,,,,,,
1045_2,117,121,127,142,159,160,161,,,,,,,117,121,127,142,159,160,161,,,,,,,99999,,,,,,,,,,,,,99999,,,,,,,99999,,,,,,,99999,,,,,,,491,493,498,513,541,,,,,,,491,493,498,513,,,,,,,,541,,,,,,,,,,
1046_1,117,121,159,101,139,,,,,,,,,117,121,159,,,,,,,,,,,101,139,,,,,,,,,,,,99999,,,,,,,99999,,,,,,,99999,,,,,,,494,516,536,,,,,,,,,494,516,536,,,,,,,,,,,,,,,,,,,
1046_2,117,156,101,,,,,,,,,,,117,156,,,,,,,,,,,,101,,,,,,,,,,,,,413,419,442,,,,,413,,,,,,,419,442,,,,,,,,,,,,,,,,,,,,,,,,,,,,,,,,,,,,,,
1047_1,162,101,113,117,121,141,171,,,,,,,162,,,,,,,,,,,,,101,113,117,121,141,171,,,,,,,,99999,,,,,,,99999,,,,,,,99999,,,,,,,,,,,,,,,,,,,,,,,,,,,,,,,,,,,,,,,
1047_2,98,113,112,117,121,141,145,162,171,,,,,98,,,,,,,,,,,,,113,112,117,121,141,145,162,171,,,,,,99999,,,,,,,99999,,,,,,,99999,,,,,,,492,494,538,,,,,,,,,492,494,538,,,,,,,,,,,,,,,,,,,
1048_1,117,147,159,161,,,,,,,,,,117,147,159,161,,,,,,,,,,99999,,,,,,,,,,,,,99999,,,,,,,99999,,,,,,,99999,,,,,,,492,524,528,,,,,,,,,492,524,528,,,,,,,,,,,,,,,,,,,
1048_2,177,,,,,,,,,,,,,177,,,,,,,,,,,,,99999,,,,,,,,,,,,,411,442,,,,,,411,442,,,,,,99999,,,,,,,,,,,,,,,,,,,,,,,,,,,,,,,,,,,,,,,
1049_1,134,130,155,157,114,,,,,,,,,134,130,155,157,,,,,,,,,,114,,,,,,,,,,,,,411,442,443,,,,,411,,,,,,,442,443,,,,,,,,,,,,,,,,,,,,,,,,,,,,,,,,,,,,,,
1049_2,127,139,141,142,159,101,171,,,,,,,127,139,141,142,159,,,,,,,,,101,171,,,,,,,,,,,,99999,,,,,,,99999,,,,,,,99999,,,,,,,492,498,528,,,,,,,,,492,498,528,,,,,,,,,,,,,,,,,,,
1050_1,117,130,139,140,146,148,159,168,112,134,142,166,171,117,130,139,140,146,148,159,168,,,,,,112,134,130,142,166,171,,,,,,,,99999,,,,,,,99999,,,,,,,99999,,,,,,,511,512,533,488,492,494,516,,,,,511,512,533,,,,,,,,,488,492,494,516,,,,,,,
1050_2,139,159,121,,,,,,,,,,,139,159,,,,,,,,,,,,121,,,,,,,,,,,,,400,411,,,,,,400,411,,,,,,99999,,,,,,,,,,,,,,,,,,,,,,,,,,,,,,,,,,,,,,,
1051_1,131,121,140,159,,,,,,,,,,131,121,140,159,,,,,,,,,,99999,,,,,,,,,,,,,99999,,,,,,,99999,,,,,,,99999,,,,,,,494,492,511,528,,,,,,,,494,492,511,528,,,,,,,,,,,,,,,,,,
1051_2,105,140,159,161,,,,,,,,,,105,140,159,161,,,,,,,,,,99999,,,,,,,,,,,,,411,,,,,,,411,,,,,,,99999,,,,,,,,,,,,,,,,,,,,,,,,,,,,,,,,,,,,,,,
1052_1,102,159,160,135,145,171,,,,,,,,102,159,160,,,,,,,,,,,135,145,171,,,,,,,,,,,411,446,453,,,,,411,446,453,,,,,99999,,,,,,,,,,,,,,,,,,,,,,,,,,,,,,,,,,,,,,,
1052_2,121,145,159,160,114,171,98,,,,,,,121,145,159,160,,,,,,,,,,114,171,98,,,,,,,,,,,99999,,,,,,,99999,,,,,,,99999,,,,,,,526,537,492,503,,,,,,,,526,537,,,,,,,,,,492,503,537,,,,,,,,
1053_1,159,168,161,174,,,,,,,,,,159,168,161,174,,,,,,,,,,99999,,,,,,,,,,,,,411,413,455,435,,,,411,413,455,,,,,435,,,,,,,,,,,,,,,,,,,,,,,,,,,,,,,,,,,,,,,
1053_2,107,161,178,121,171,,,,,,,,,107,161,178,,,,,,,,,,,121,171,,,,,,,,,,,,422,,,,,,,422,,,,,,,99999,,,,,,,486,537,539,,,,,,,,,486,537,539,,,,,,,,,,,,,,,,,,,
1054_1,139,159,163,173,101,113,119,137,131,141,171,,,139,159,163,173,,,,,,,,,,101,113,119,137,131,141,171,,,,,,,447,,,,,,,447,,,,,,,99999,,,,,,,,,,,,,,,,,,,,,,,,,,,,,,,,,,,,,,,
1054_2,119,137,177,101,139,141,168,163,171,,,,,119,137,177,,,,,,,,,,,101,139,141,168,163,171,,,,,,,,447,,,,,,,447,,,,,,,99999,,,,,,,499,510,511,528,549,,,,,,,499,,,,,,,,,,,510,511,528,549,,,,,,,
1055_1,174,,,,,,,,,,,,,174,,,,,,,,,,,,,99999,,,,,,,,,,,,,400,411,436,438,451,,,400,411,436,438,451,,,99999,,,,,,,483,528,534,541,,,,,,,,483,528,534,541,,,,,,,,,,,,,,,,,,
1055_2,136,119,,,,,,,,,,,,136,119,,,,,,,,,,,,99999,,,,,,,,,,,,,409,401,451,442,446,457,,409,401,451,442,446,457,,99999,,,,,,,,,,,,,,,,,,,,,,,,,,,,,,,,,,,,,,,
1056_1,103,112,119,121,139,141,159,164,174,171,,,,103,112,119,121,139,141,159,164,174,,,,,171,,,,,,,,,,,,,99999,,,,,,,99999,,,,,,,99999,,,,,,,492,494,528,531,,,,,,,,492,494,,,,,,,,,,528,531,,,,,,,,,
1056_2,103,146,159,160,161,127,171,174,178,,,,,103,146,159,160,161,,,,,,,,,127,171,174,178,,,,,,,,,,413,,,,,,,413,,,,,,,99999,,,,,,,,,,,,,,,,,,,,,,,,,,,,,,,,,,,,,,,
1057_1,108,119,129,137,139,141,135,,,,,,,108,119,129,137,139,141,,,,,,,,135,,,,,,,,,,,,,418,445,449,448,,,,418,445,449,448,,,,99999,,,,,,,491,510,511,488,479,493,495,,,,,491,510,511,,,,,,,,,488,479,493,495,,,,,,,
1057_2,119,139,159,165,,,,,,,,,,119,139,159,165,,,,,,,,,,99999,,,,,,,,,,,,,400,405,416,418,433,414,462,400,405,416,418,433,,,414,462,,,,,,,,,,,,,,,,,,,,,,,,,,,,,,,,,,,,,,
1058_1,102,139,135,159,171,,,,,,,,,102,139,,,,,,,,,,,,135,159,171,,,,,,,,,,,435,,,,,,,435,,,,,,,99999,,,,,,,,,,,,,,,,,,,,,,,,,,,,,,,,,,,,,,,
1058_2,123,139,182,190,171,,,,,,,,,123,139,,,,,,,,,,,,182,190,171,,,,,,,,,,,442,,,,,,,442,,,,,,,99999,,,,,,,493,477,,,,,,,,,,493,,,,,,,,,,,477,,,,,,,,,,
1059_1,119,137,135,159,161,111,152,154,146,171,174,,,119,137,135,159,161,,,,,,,,,111,152,154,146,171,174,,,,,,,,99999,,,,,,,99999,,,,,,,99999,,,,,,,491,493,510,528,536,,,,,,,491,493,510,,,,,,,,,528,536,,,,,,,,,
1059_2,119,137,138,159,161,160,111,139,141,140,146,171,,119,137,138,159,161,160,,,,,,,,111,139,141,140,146,171,,,,,,,,99999,,,,,,,99999,,,,,,,99999,,,,,,,,,,,,,,,,,,,,,,,,,,,,,,,,,,,,,,,
1060_1,111,118,122,139,141,162,,,,,,,,111,118,122,139,141,162,,,,,,,,99999,,,,,,,,,,,,,99999,,,,,,,99999,,,,,,,99999,,,,,,,480,496,510,512,528,,,,,,,480,496,510,512,528,,,,,,,,,,,,,,,,,
1060_2,105,121,117,141,140,174,,,,,,,,105,121,117,141,140,174,,,,,,,,99999,,,,,,,,,,,,,442,443,,,,,,442,443,,,,,,99999,,,,,,,,,,,,,,,,,,,,,,,,,,,,,,,,,,,,,,,
1061_1,104,121,137,141,174,177,,,,,,,,104,121,137,141,174,177,,,,,,,,99999,,,,,,,,,,,,,422,411,442,,,,,422,411,442,,,,,99999,,,,,,,,,,,,,,,,,,,,,,,,,,,,,,,,,,,,,,,
1061_2,114,117,189,119,139,159,160,,,,,,,114,117,189,119,139,159,160,,,,,,,99999,,,,,,,,,,,,,99999,,,,,,,99999,,,,,,,99999,,,,,,,483,492,501,503,510,528,530,,,,,483,492,501,503,510,528,530,,,,,,,,,,,,,,,
1062_1,109,112,119,130,159,161,166,137,139,141,,,,109,112,119,130,159,161,166,,,,,,,137,139,141,,,,,,,,,,,99999,,,,,,,99999,,,,,,,99999,,,,,,,468,505,503,528,530,,,,,,,468,505,503,528,530,,,,,,,,,,,,,,,,,
1062_2,109,139,140,141,159,161,119,137,129,130,171,,,109,139,140,141,159,161,,,,,,,,119,137,129,130,171,,,,,,,,,99999,,,,,,,99999,,,,,,,99999,,,,,,,,,,,,,,,,,,,,,,,,,,,,,,,,,,,,,,,
1063_1,145,161,177,102,171,,,,,,,,,145,161,177,,,,,,,,,,,102,171,,,,,,,,,,,,411,433,,,,,,411,433,,,,,,99999,,,,,,,,,,,,,,,,,,,,,,,,,,,,,,,,,,,,,,,
1063_2,159,165,102,117,130,145,171,,,,,,,159,165,,,,,,,,,,,,102,117,130,145,171,,,,,,,,,99999,,,,,,,99999,,,,,,,99999,,,,,,,507,528,477,513,537,,,,,,,507,528,,,,,,,,,,477,513,537,,,,,,,,
1064_1,125,119,121,168,174,177,112,,,,,,,125,119,121,168,174,177,,,,,,,,112,,,,,,,,,,,,,99999,,,,,,,99999,,,,,,,99999,,,,,,,,,,,,,,,,,,,,,,,,,,,,,,,,,,,,,,,
1064_2,98,185,118,124,127,191,168,171,,,,,,98,,,,,,,,,,,,,185,118,124,127,191,168,171,,,,,,,99999,,,,,,,99999,,,,,,,99999,,,,,,,500,541,,,,,,,,,,500,541,,,,,,,,,,,,,,,,,,,,
1065_1,114,123,119,139,142,168,159,,,,,,,114,123,119,139,142,168,159,,,,,,,99999,,,,,,,,,,,,,99999,,,,,,,99999,,,,,,,99999,,,,,,,483,488,496,510,513,541,,,,,,483,488,496,510,513,541,,,,,,,,,,,,,,,,
1065_2,128,123,119,159,,,,,,,,,,128,123,119,159,,,,,,,,,,99999,,,,,,,,,,,,,402,,,,,,,402,,,,,,,99999,,,,,,,,,,,,,,,,,,,,,,,,,,,,,,,,,,,,,,,
1066_1,137,152,153,163,159,174,,,,,,,,137,152,153,163,,,,,,,,,,159,174,,,,,,,,,,,,422,,,,,,,422,,,,,,,99999,,,,,,,488,493,510,512,,,,,,,,488,493,510,512,,,,,,,,,,,,,,,,,,
1066_2,141,163,,,,,,,,,,,,141,163,,,,,,,,,,,,99999,,,,,,,,,,,,,400,422,,,,,,400,422,,,,,,99999,,,,,,,,,,,,,,,,,,,,,,,,,,,,,,,,,,,,,,,
1067_1,124,174,112,141,168,,,,,,,,,124,174,,,,,,,,,,,,112,141,168,,,,,,,,,,,446,,,,,,,446,,,,,,,99999,,,,,,,494,526,488,,,,,,,,,494,526,,,,,,,,,,488,,,,,,,,,,
1067_2,189,168,171,173,,,,,,,,,,189,168,171,,,,,,,,,,,173,,,,,,,,,,,,,400,413,408,,,,,400,413,,,,,,408,,,,,,,,,,,,,,,,,,,,,,,,,,,,,,,,,,,,,,,
1068_1,119,129,121,146,157,159,161,177,171,,,,,119,129,121,146,157,159,161,177,,,,,,171,,,,,,,,,,,,,458,457,,,,,,458,457,,,,,,99999,,,,,,,494,528,,,,,,,,,,494,,,,,,,,,,,528,,,,,,,,,,
1068_2,173,174,119,123,146,,,,,,,,,173,174,,,,,,,,,,,,119,123,146,,,,,,,,,,,413,458,442,451,444,452,457,413,458,,,,,,442,451,444,452,457,,,,,,,,,,,,,,,,,,,,,,,,,,,,,,,,,,,
1069_1,137,131,185,146,159,174,206,,,,,,,137,131,,,,,,,,,,,,185,146,159,174,206,,,,,,,,,422,454,,,,,,422,,,,,,,454,,,,,,,,,,,,,,,,,,,,,,,,,,,,,,,,,,,,,,,
1069_2,114,103,119,135,131,140,141,142,171,,,,,114,103,119,135,131,,,,,,,,,140,141,142,171,,,,,,,,,,99999,,,,,,,99999,,,,,,,99999,,,,,,,471,492,,,,,,,,,,471,492,,,,,,,,,,,,,,,,,,,,
1070_1,105,174,177,,,,,,,,,,,105,174,177,,,,,,,,,,,99999,,,,,,,,,,,,,412,419,433,440,451,442,449,412,419,433,440,451,442,449,99999,,,,,,,,,,,,,,,,,,,,,,,,,,,,,,,,,,,,,,,
1070_2,106,128,121,119,129,159,,,,,,,,106,128,121,119,129,159,,,,,,,,99999,,,,,,,,,,,,,433,439,,,,,,433,439,,,,,,99999,,,,,,,493,512,528,,,,,,,,,493,512,528,,,,,,,,,,,,,,,,,,,
1071_1,136,134,159,160,101,199,171,,,,,,,136,134,159,160,,,,,,,,,,101,199,171,,,,,,,,,,,99999,,,,,,,99999,,,,,,,99999,,,,,,,,,,,,,,,,,,,,,,,,,,,,,,,,,,,,,,,
1071_2,159,160,166,117,121,189,139,141,142,171,,,,159,160,166,,,,,,,,,,,117,121,189,139,141,142,171,,,,,,,99999,,,,,,,99999,,,,,,,99999,,,,,,,506,528,530,,,,,,,,,506,528,530,,,,,,,,,,,,,,,,,,,
1072_1,130,139,141,160,186,163,171,177,,,,,,130,139,141,160,,,,,,,,,,186,163,171,177,,,,,,,,,,99999,,,,,,,99999,,,,,,,99999,,,,,,,502,503,540,537,,,,,,,,502,503,540,,,,,,,,,537,,,,,,,,,,
1072_2,139,141,160,165,187,119,171,,,,,,,139,141,160,165,,,,,,,,,,187,119,171,,,,,,,,,,,415,446,,,,,,415,446,,,,,,99999,,,,,,,,,,,,,,,,,,,,,,,,,,,,,,,,,,,,,,,
1073_1,119,135,137,112,140,145,171,,,,,,,119,135,137,,,,,,,,,,,112,140,145,171,,,,,,,,,,442,408,,,,,,442,408,,,,,,99999,,,,,,,506,488,510,512,537,,,,,,,506,,,,,,,,,,,488,510,512,537,,,,,,,
1073_2,118,135,130,174,139,141,159,171,,,,,,118,135,130,174,,,,,,,,,,139,141,159,171,,,,,,,,,,99999,,,,,,,99999,,,,,,,99999,,,,,,,,,,,,,,,,,,,,,,,,,,,,,,,,,,,,,,,
1074_1,118,189,137,155,156,159,171,174,,,,,,118,189,,,,,,,,,,,,137,155,156,159,171,174,,,,,,,,99999,,,,,,,99999,,,,,,,99999,,,,,,,,,,,,,,,,,,,,,,,,,,,,,,,,,,,,,,,
1074_2,117,122,139,147,150,151,159,201,,,,,,117,122,139,147,150,151,,,,,,,,159,201,,,,,,,,,,,,408,,,,,,,408,,,,,,,99999,,,,,,,492,504,,,,,,,,,,492,504,,,,,,,,,,,,,,,,,,,,
1075_1,117,159,112,139,161,207,,,,,,,,117,159,,,,,,,,,,,,112,139,161,207,,,,,,,,,,454,,,,,,,454,,,,,,,99999,,,,,,,494,536,537,,,,,,,,,494,536,,,,,,,,,,537,,,,,,,,,,
1075_2,179,178,,,,,,,,,,,,179,,,,,,,,,,,,,178,,,,,,,,,,,,,437,442,98,460,438,452,,437,442,98,,,,,460,438,452,,,,,,,,,,,,,,,,,,,,,,,,,,,,,,,,,,,,,
1076_1,98,102,119,124,130,131,171,,,,,,,98,,,,,,,,,,,,,102,119,124,130,131,171,,,,,,,,99999,,,,,,,99999,,,,,,,99999,,,,,,,488,494,503,,,,,,,,,488,494,503,,,,,,,,,,,,,,,,,,,
1076_2,98,139,,,,,,,,,,,,98,,,,,,,,,,,,,139,,,,,,,,,,,,,420,418,442,464,452,,,420,418,,,,,,442,464,452,,,,,,,,,,,,,,,,,,,,,,,,,,,,,,,,,,,,,
1077_1,119,137,171,,,,,,,,,,,119,137,,,,,,,,,,,,171,,,,,,,,,,,,,99999,,,,,,,99999,,,,,,,99999,,,,,,,492,511,512,,,,,,,,,492,,,,,,,,,,,511,512,,,,,,,,,
1077_2,121,126,171,,,,,,,,,,,121,126,,,,,,,,,,,,171,,,,,,,,,,,,,99999,,,,,,,99999,,,,,,,99999,,,,,,,,,,,,,,,,,,,,,,,,,,,,,,,,,,,,,,,
1078_1,109,112,124,146,159,174,,,,,,,,109,112,124,146,159,174,,,,,,,,99999,,,,,,,,,,,,,99999,,,,,,,99999,,,,,,,99999,,,,,,,480,496,523,536,533,537,541,,,,,480,496,523,536,533,537,541,,,,,,,,,,,,,,,
1078_2,109,136,153,159,168,171,174,,,,,,,109,136,153,159,168,171,174,,,,,,,99999,,,,,,,,,,,,,422,413,,,,,,422,413,,,,,,99999,,,,,,,,,,,,,,,,,,,,,,,,,,,,,,,,,,,,,,,
1079_1,121,103,,,,,,,,,,,,121,,,,,,,,,,,,,103,,,,,,,,,,,,,442,422,452,,,,,442,,,,,,,422,452,,,,,,,,,,,,,,,,,,,,,,,,,,,,,,,,,,,,,,
1079_2,107,134,142,159,171,,,,,,,,,107,134,142,159,,,,,,,,,,171,,,,,,,,,,,,,99999,,,,,,,99999,,,,,,,99999,,,,,,,492,494,528,537,,,,,,,,492,494,528,,,,,,,,,537,,,,,,,,,,
1080_1,159,161,174,141,146,,,,,,,,,159,161,174,,,,,,,,,,,141,146,,,,,,,,,,,,413,411,,,,,,413,411,,,,,,99999,,,,,,,,,,,,,,,,,,,,,,,,,,,,,,,,,,,,,,,
1080_2,159,174,131,124,141,146,197,200,,,,,,159,174,,,,,,,,,,,,131,124,141,146,197,200,,,,,,,,418,,,,,,,418,,,,,,,99999,,,,,,,498,492,494,,,,,,,,,498,492,494,,,,,,,,,,,,,,,,,,,
1081_1,134,,,,,,,,,,,,,134,,,,,,,,,,,,,99999,,,,,,,,,,,,,411,438,442,,,,,411,438,442,,,,,99999,,,,,,,,,,,,,,,,,,,,,,,,,,,,,,,,,,,,,,,
1081_2,121,159,171,,,,,,,,,,,121,159,,,,,,,,,,,,171,,,,,,,,,,,,,404,400,,,,,,404,400,,,,,,99999,,,,,,,506,491,493,528,537,,,,,,,506,491,493,528,,,,,,,,537,,,,,,,,,,
1082_1,104,112,118,121,139,141,159,168,174,,,,,104,112,118,121,139,141,159,168,174,,,,,99999,,,,,,,,,,,,,99999,,,,,,,99999,,,,,,,99999,,,,,,,488,508,510,512,530,541,,,,,,488,508,510,512,530,541,,,,,,,,,,,,,,,,
1082_2,119,139,174,,,,,,,,,,,119,139,174,,,,,,,,,,,99999,,,,,,,,,,,,,400,442,451,,,,,400,442,451,,,,,99999,,,,,,,,,,,,,,,,,,,,,,,,,,,,,,,,,,,,,,,
1083_1,119,137,131,110,140,141,142,159,165,171,,,,119,137,131,,,,,,,,,,,110,140,141,142,159,165,171,,,,,,,99999,,,,,,,99999,,,,,,,99999,,,,,,,488,492,494,504,495,,,,,,,488,492,494,504,,,,,,,,494,495,,,,,,,,,
1083_2,174,137,119,,,,,,,,,,,174,,,,,,,,,,,,,137,119,,,,,,,,,,,,406,408,461,452,,,,406,408,,,,,,461,452,,,,,,,,,,,,,,,,,,,,,,,,,,,,,,,,,,,,,,
1084_1,112,171,174,,,,,,,,,,,112,171,174,,,,,,,,,,,99999,,,,,,,,,,,,,411,433,442,,,,,411,433,442,,,,,99999,,,,,,,,,,,,,,,,,,,,,,,,,,,,,,,,,,,,,,,
1084_2,128,121,174,,,,,,,,,,,128,121,174,,,,,,,,,,,99999,,,,,,,,,,,,,442,449,452,400,,,,442,449,452,,,,,400,,,,,,,506,526,,,,,,,,,,506,,,,,,,,,,,526,,,,,,,,,,
1085_1,171,113,119,137,135,142,139,168,,,,,,171,,,,,,,,,,,,,113,119,137,135,142,139,168,171,,,,,,442,443,411,413,,,,442,443,411,413,,,,99999,,,,,,,,,,,,,,,,,,,,,,,,,,,,,,,,,,,,,,,
1085_2,121,125,142,168,171,,,,,,,,,121,125,142,,,,,,,,,,,168,171,,,,,,,,,,,,442,448,402,422,,,,442,448,,,,,,402,422,,,,,,492,494,,,,,,,,,,492,494,,,,,,,,,,,,,,,,,,,,
1086_1,115,113,119,121,189,141,159,166,,,,,,115,113,119,121,189,141,159,166,,,,,,99999,,,,,,,,,,,,,99999,,,,,,,99999,,,,,,,99999,,,,,,,488,491,493,503,532,541,543,,,,,488,491,493,503,532,541,543,,,,,,,,,,,,,,,
1086_2,117,146,159,161,,,,,,,,,,117,146,159,161,,,,,,,,,,99999,,,,,,,,,,,,,400,414,,,,,,400,414,,,,,,99999,,,,,,,,,,,,,,,,,,,,,,,,,,,,,,,,,,,,,,,
1087_1,178,177,103,192,139,140,159,,,,,,,178,177,,,,,,,,,,,,103,192,139,140,159,,,,,,,,,422,,,,,,,422,,,,,,,99999,,,,,,,,,,,,,,,,,,,,,,,,,,,,,,,,,,,,,,,
1087_2,137,131,158,188,140,141,143,159,171,,,,,137,131,158,,,,,,,,,,,188,140,141,143,159,171,,,,,,,,99999,,,,,,,99999,,,,,,,99999,,,,,,,492,504,,,,,,,,,,492,504,,,,,,,,,,,,,,,,,,,,
1088_1,112,110,119,121,146,162,161,174,,,,,,112,110,119,121,146,162,161,174,,,,,,99999,,,,,,,,,,,,,99999,,,,,,,99999,,,,,,,99999,,,,,,,481,488,509,491,537,538,541,,,,,481,488,509,491,537,538,541,,,,,,,,,,,,,,,
1088_2,146,159,168,174,,,,,,,,,,146,159,168,174,,,,,,,,,,99999,,,,,,,,,,,,,400,411,413,,,,,400,411,413,,,,,99999,,,,,,,,,,,,,,,,,,,,,,,,,,,,,,,,,,,,,,,
1089_1,117,121,114,139,168,159,171,,,,,,,117,121,,,,,,,,,,,,114,139,168,159,171,,,,,,,,,99999,,,,,,,99999,,,,,,,99999,,,,,,,,,,,,,,,,,,,,,,,,,,,,,,,,,,,,,,,
1089_2,118,128,104,171,,,,,,,,,,118,128,,,,,,,,,,,,104,171,,,,,,,,,,,,99999,,,,,,,99999,,,,,,,99999,,,,,,,528,483,,,,,,,,,,528,,,,,,,,,,,483,,,,,,,,,,
1090_1,99999,,,,,,,,,,,,,99999,,,,,,,,,,,,,99999,,,,,,,,,,,,,422,446,433,440,441,452,,422,446,,,,,,433,440,441,452,,,,,,,,,,,,,,,,,,,,,,,,,,,,,,,,,,,,
1090_2,119,137,131,141,142,162,171,201,174,,,,,119,137,131,,,,,,,,,,,141,142,162,171,201,174,,,,,,,,99999,,,,,,,99999,,,,,,,99999,,,,,,,537,541,513,,,,,,,,,537,541,,,,,,,,,,513,,,,,,,,,,
1091_1,102,117,121,131,159,139,141,146,171,,,,,102,117,121,131,159,,,,,,,,,139,141,146,171,,,,,,,,,,99999,,,,,,,99999,,,,,,,99999,,,,,,,,,,,,,,,,,,,,,,,,,,,,,,,,,,,,,,,
1091_2,126,117,121,131,143,157,149,159,171,,,,,126,117,121,131,143,157,149,,,,,,,159,171,,,,,,,,,,,,99999,,,,,,,99999,,,,,,,99999,,,,,,,498,510,514,,,,,,,,,498,510,514,,,,,,,,,,,,,,,,,,,
1092_1,99999,,,,,,,,,,,,,99999,,,,,,,,,,,,,99999,,,,,,,,,,,,,419,418,412,438,442,459,,419,418,412,438,442,459,,99999,,,,,,,,,,,,,,,,,,,,,,,,,,,,,,,,,,,,,,,
1092_2,111,118,121,142,139,144,159,180,,,,,,111,118,121,142,139,144,159,180,,,,,,99999,,,,,,,,,,,,,99999,,,,,,,99999,,,,,,,99999,,,,,,,490,491,503,510,512,513,522,528,541,542,,490,491,503,510,512,513,522,528,541,542,,,,,,,,,,,,
1093_1,117,145,109,,,,,,,,,,,117,145,,,,,,,,,,,,109,,,,,,,,,,,,,413,443,,,,,,413,,,,,,,443,,,,,,,488,506,533,537,,,,,,,,488,506,533,,,,,,,,,537,,,,,,,,,,
1093_2,174,119,141,,,,,,,,,,,174,,,,,,,,,,,,,119,141,,,,,,,,,,,,400,413,452,,,,,400,413,,,,,,452,,,,,,,,,,,,,,,,,,,,,,,,,,,,,,,,,,,,,,,
1094_1,112,168,,,,,,,,,,,,112,168,,,,,,,,,,,,99999,,,,,,,,,,,,,407,419,418,414,422,,,407,419,418,414,422,,,99999,,,,,,,,,,,,,,,,,,,,,,,,,,,,,,,,,,,,,,,
1094_2,119,146,174,105,131,98,,,,,,,,119,146,174,,,,,,,,,,,105,131,98,,,,,,,,,,,99999,,,,,,,99999,,,,,,,99999,,,,,,,492,493,477,523,,,,,,,,492,493,,,,,,,,,,477,523,,,,,,,,,
1095_1,159,131,129,139,141,,,,,,,,,159,,,,,,,,,,,,,131,129,139,141,,,,,,,,,,411,,,,,,,411,,,,,,,99999,,,,,,,,,,,,,,,,,,,,,,,,,,,,,,,,,,,,,,,
1095_2,131,130,129,117,139,141,160,,,,,,,131,130,129,117,139,141,,,,,,,,160,,,,,,,,,,,,,99999,,,,,,,99999,,,,,,,99999,,,,,,,492,,,,,,,,,,,492,,,,,,,,,,,,,,,,,,,,,
1096_1,139,141,174,,,,,,,,,,,139,141,174,,,,,,,,,,,99999,,,,,,,,,,,,,411,442,451,,,,,411,442,451,,,,,99999,,,,,,,,,,,,,,,,,,,,,,,,,,,,,,,,,,,,,,,
1096_2,112,105,146,160,174,,,,,,,,,112,105,146,160,174,,,,,,,,,99999,,,,,,,,,,,,,411,413,,,,,,411,413,,,,,,99999,,,,,,,472,496,523,528,530,534,537,544,541,,,472,496,523,528,530,534,537,544,541,,,,,,,,,,,,,
1097_1,146,170,98,189,118,171,,,,,,,,146,170,98,,,,,,,,,,,189,118,171,,,,,,,,,,,99999,,,,,,,99999,,,,,,,99999,,,,,,,506,508,491,493,503,490,548,,,,,506,508,491,493,503,,,,,,,490,548,,,,,,,,,
1097_2,119,137,101,,,,,,,,,,,119,137,,,,,,,,,,,,101,,,,,,,,,,,,,418,445,,,,,,418,,,,,,,445,,,,,,,,,,,,,,,,,,,,,,,,,,,,,,,,,,,,,,,
1098_1,169,,,,,,,,,,,,,169,,,,,,,,,,,,,99999,,,,,,,,,,,,,99999,,,,,,,99999,,,,,,,99999,,,,,,,537,98,488,547,,,,,,,,537,98,,,,,,,,,,488,547,,,,,,,,,
1098_2,145,119,137,,,,,,,,,,,145,,,,,,,,,,,,,119,137,,,,,,,,,,,,450,410,452,,,,,450,,,,,,,410,452,,,,,,,,,,,,,,,,,,,,,,,,,,,,,,,,,,,,,,
1099_1,117,121,177,171,,,,,,,,,,117,121,177,,,,,,,,,,,171,,,,,,,,,,,,,99999,,,,,,,99999,,,,,,,99999,,,,,,,488,496,,,,,,,,,,488,496,,,,,,,,,,,,,,,,,,,,
1099_2,117,130,122,171,,,,,,,,,,117,130,122,,,,,,,,,,,171,,,,,,,,,,,,,400,,,,,,,400,,,,,,,99999,,,,,,,,,,,,,,,,,,,,,,,,,,,,,,,,,,,,,,,
1100_1,139,141,146,159,168,103,121,117,131,171,174,,,139,141,146,159,168,,,,,,,,,103,121,117,131,171,174,,,,,,,,99999,,,,,,,99999,,,,,,,99999,,,,,,,492,494,516,528,,,,,,,,492,494,,,,,,,,,,516,528,,,,,,,,,
1100_2,139,146,159,174,185,171,,,,,,,,139,146,159,174,,,,,,,,,,185,171,,,,,,,,,,,,422,418,413,,,,,422,418,413,,,,,99999,,,,,,,,,,,,,,,,,,,,,,,,,,,,,,,,,,,,,,,
